candidate_id,document,subcase,anomaly_type,relation_id,relation_type,page,source_id,source_text,source_type_actual,source_type_expected,target_id,target_text,target_type_actual,target_type_expected,source_invalid,target_invalid
D_000001,img20250709_16190789_trace_sepsis_V1.6-V6.5-SELECTIVE_PRECISION.json,D1_INVALID_RELATION_SOURCE_TYPE,INVALID_RELATION_SOURCE_TYPE,R_V69K_00098,a_pour_contexte_acquisition,6,P6_E038,Le patient,DONNEE_PATIENT,COMORBIDITE_ANTECEDENT,P6_E029,infection nosocomiale : oui,CONTEXTE_ACQUISITION,CONTEXTE_ACQUISITION,True,False
D_000002,img20250709_16193836_trace_sepsis_V1.6-V6.5-SELECTIVE_PRECISION.json,D2_INVALID_RELATION_TARGET_TYPE,INVALID_RELATION_TARGET_TYPE,R_V69K_00030,presente_symptome,2,P2_E046,Patient,DONNEE_PATIENT,DONNEE_PATIENT,P2_E044,ralentissement psychomoteur,DEFAILLANCE_ORGANE,SYMPTOME,False,True
D_000003,img20250709_16205810_trace_sepsis_V1.6-V6.5-SELECTIVE_PRECISION.json,D2_INVALID_RELATION_TARGET_TYPE,INVALID_RELATION_TARGET_TYPE,R_V69K_00073,presente_dysfonction_organe,5,P5_E015,Le patient,DONNEE_PATIENT,DONNEE_PATIENT,P5_E004,ACR,LABEL_NOSOLOGIQUE,DEFAILLANCE_ORGANE,False,True
D_000004,img20250709_16223922_trace_sepsis_V1.6-V6.5-SELECTIVE_PRECISION.json,D2_INVALID_RELATION_TARGET_TYPE,INVALID_RELATION_TARGET_TYPE,R_V69K_00014,presente_symptome,2,P2_E061,la patiente,DONNEE_PATIENT,DONNEE_PATIENT,P2_E047,poussée hypertensive,LABEL_NOSOLOGIQUE,SYMPTOME,False,True
D_000005,img20250709_16273897_trace_sepsis_V1.6-V6.5-SELECTIVE_PRECISION.json,D2_INVALID_RELATION_TARGET_TYPE,INVALID_RELATION_TARGET_TYPE,R_V69K_00047,a_pour_label_nosologique,5,P5_E032,Le patient,DONNEE_PATIENT,DONNEE_PATIENT,P5_E022,pneumopathie nosocomiale,FOYER_INFECTIEUX,LABEL_NOSOLOGIQUE,False,True
D_000006,img20250709_16281006_trace_sepsis_V1.6-V6.5-SELECTIVE_PRECISION.json,D2_INVALID_RELATION_TARGET_TYPE,INVALID_RELATION_TARGET_TYPE,R_V69K_00045,presente_symptome,5,P5_E055,patiente,DONNEE_PATIENT,DONNEE_PATIENT,P5_E044,thrombopénie,BIOMARQUEUR,SYMPTOME,False,True
D_000007,img20250709_16281006_trace_sepsis_V1.6-V6.5-SELECTIVE_PRECISION.json,D2_INVALID_RELATION_TARGET_TYPE,INVALID_RELATION_TARGET_TYPE,R_V69K_00046,a_pour_label_nosologique,5,P5_E055,patiente,DONNEE_PATIENT,DONNEE_PATIENT,P5_E020,pneumopathie nosocomiale,FOYER_INFECTIEUX,LABEL_NOSOLOGIQUE,False,True
D_000008,img20250709_16281006_trace_sepsis_V1.6-V6.5-SELECTIVE_PRECISION.json,D2_INVALID_RELATION_TARGET_TYPE,INVALID_RELATION_TARGET_TYPE,R_V69K_00082,presente_dysfonction_organe,6,P6_E042,La patiente,DONNEE_PATIENT,DONNEE_PATIENT,P6_E038,collapsus de reventilation,LABEL_NOSOLOGIQUE,DEFAILLANCE_ORGANE,False,True
D_000009,img20250709_16281006_trace_sepsis_V1.6-V6.5-SELECTIVE_PRECISION.json,D1_INVALID_RELATION_SOURCE_TYPE,INVALID_RELATION_SOURCE_TYPE,R_V69K_00091,a_pour_contexte_acquisition,6,P6_E002,pneumopathie nosocomiale,LABEL_NOSOLOGIQUE,COMORBIDITE_ANTECEDENT,P6_E023,Infection nosocomiale : oui,CONTEXTE_ACQUISITION,CONTEXTE_ACQUISITION,True,False
D_000010,img20250709_16283177_trace_sepsis_V1.6-V6.5-SELECTIVE_PRECISION.json,D2_INVALID_RELATION_TARGET_TYPE,INVALID_RELATION_TARGET_TYPE,R_V69K_00085,presente_suspicion_infection,5,P5_E035,Patient,DONNEE_PATIENT,DONNEE_PATIENT,P5_E029,Cicatrice inflammatoire avec écoulement purulent,SYMPTOME,FOYER_INFECTIEUX,False,True
D_000011,img20250709_16283177_trace_sepsis_V1.6-V6.5-SELECTIVE_PRECISION.json,D2_INVALID_RELATION_TARGET_TYPE,INVALID_RELATION_TARGET_TYPE,R_V69K_00088,patient_a_pour_evolution,5,P5_E035,Patient,DONNEE_PATIENT,DONNEE_PATIENT,P5_E028,diminution du syndrome inflammatoire biologique,SYMPTOME,EVOLUTION_PRONOSTIC,False,True
D_000012,img20250709_16301193_trace_sepsis_V1.6-V6.5-SELECTIVE_PRECISION.json,D2_INVALID_RELATION_TARGET_TYPE,INVALID_RELATION_TARGET_TYPE,R_V69K_00062,a_pour_label_nosologique,5,P5_E046,La patiente,DONNEE_PATIENT,DONNEE_PATIENT,P5_E028,Hypokaliémie,SYMPTOME,LABEL_NOSOLOGIQUE,False,True
D_000013,img20250709_16313543_trace_sepsis_V1.6-V6.5-SELECTIVE_PRECISION.json,D2_INVALID_RELATION_TARGET_TYPE,INVALID_RELATION_TARGET_TYPE,R_V69K_00050,a_pour_label_nosologique,4,P4_E040,patient,DONNEE_PATIENT,DONNEE_PATIENT,P4_E031,tuberculose surinfectée,FOYER_INFECTIEUX,LABEL_NOSOLOGIQUE,False,True
D_000014,img20250709_16313543_trace_sepsis_V1.6-V6.5-SELECTIVE_PRECISION.json,D2_INVALID_RELATION_TARGET_TYPE,INVALID_RELATION_TARGET_TYPE,R_V69K_00081,a_pour_label_nosologique,5,P5_E042,patient,DONNEE_PATIENT,DONNEE_PATIENT,P5_E019,HTAP,DEFAILLANCE_ORGANE,LABEL_NOSOLOGIQUE,False,True
D_000015,img20250709_16313543_trace_sepsis_V1.6-V6.5-SELECTIVE_PRECISION.json,D2_INVALID_RELATION_TARGET_TYPE,INVALID_RELATION_TARGET_TYPE,R_V69K_00085,a_pour_label_nosologique,5,P5_E042,patient,DONNEE_PATIENT,DONNEE_PATIENT,P5_E039,ulcère gastrique,SYMPTOME,LABEL_NOSOLOGIQUE,False,True
D_000016,img20250709_16313543_trace_sepsis_V1.6-V6.5-SELECTIVE_PRECISION.json,D2_INVALID_RELATION_TARGET_TYPE,INVALID_RELATION_TARGET_TYPE,R_V69K_00109,a_pour_label_nosologique,6,P6_E025,Patient,DONNEE_PATIENT,DONNEE_PATIENT,P6_E022,HTAP secondaire aux lésions pulmonaires,DEFAILLANCE_ORGANE,LABEL_NOSOLOGIQUE,False,True
D_000017,img20250709_16321359_trace_sepsis_V1.6-V6.5-SELECTIVE_PRECISION.json,D2_INVALID_RELATION_TARGET_TYPE,INVALID_RELATION_TARGET_TYPE,R_V69K_00003,a_pour_label_nosologique,1,P1_E024,Patient,DONNEE_PATIENT,DONNEE_PATIENT,P1_E004,bronchite,SYMPTOME,LABEL_NOSOLOGIQUE,False,True
D_000018,img20250709_16321359_trace_sepsis_V1.6-V6.5-SELECTIVE_PRECISION.json,D2_INVALID_RELATION_TARGET_TYPE,INVALID_RELATION_TARGET_TYPE,R_V69K_00058,presente_dysfonction_organe,4,P4_E036,La patiente,DONNEE_PATIENT,DONNEE_PATIENT,P4_E039,anurie,SYMPTOME,DEFAILLANCE_ORGANE,False,True
D_000019,img20250709_16331952_trace_sepsis_V1.6-V6.5-SELECTIVE_PRECISION.json,D2_INVALID_RELATION_TARGET_TYPE,INVALID_RELATION_TARGET_TYPE,R_V69K_00049,presente_dysfonction_organe,4,P4_E032,patient,DONNEE_PATIENT,DONNEE_PATIENT,P4_E029,anurie,SYMPTOME,DEFAILLANCE_ORGANE,False,True
D_000020,img20250709_16331952_trace_sepsis_V1.6-V6.5-SELECTIVE_PRECISION.json,D2_INVALID_RELATION_TARGET_TYPE,INVALID_RELATION_TARGET_TYPE,R_V69K_00111,presente_symptome,6,P6_E028,le patient,DONNEE_PATIENT,DONNEE_PATIENT,P6_E014,lésion spontanément dense d'environ 25 mm du muscle piriforme gauche,DEFAILLANCE_ORGANE,SYMPTOME,False,True
D_000021,img20250709_16360688_trace_sepsis_V1.6-V6.5-SELECTIVE_PRECISION.json,D2_INVALID_RELATION_TARGET_TYPE,INVALID_RELATION_TARGET_TYPE,R_V69K_00028,a_pour_label_nosologique,2,P2_E060,patient,DONNEE_PATIENT,DONNEE_PATIENT,P2_E001,Gangrene gazeuse,FOYER_INFECTIEUX,LABEL_NOSOLOGIQUE,False,True
D_000022,img20250709_16360688_trace_sepsis_V1.6-V6.5-SELECTIVE_PRECISION.json,D2_INVALID_RELATION_TARGET_TYPE,INVALID_RELATION_TARGET_TYPE,R_V69K_00049,presente_dysfonction_organe,2,P2_E060,patient,DONNEE_PATIENT,DONNEE_PATIENT,P2_E037,initialement anurie,SYMPTOME,DEFAILLANCE_ORGANE,False,True
D_000023,img20250709_16360688_trace_sepsis_V1.6-V6.5-SELECTIVE_PRECISION.json,D2_INVALID_RELATION_TARGET_TYPE,INVALID_RELATION_TARGET_TYPE,R_V69K_00051,presente_dysfonction_organe,2,P2_E060,patient,DONNEE_PATIENT,DONNEE_PATIENT,P2_E044,persistance de l'anurie,SYMPTOME,DEFAILLANCE_ORGANE,False,True
D_000024,img20250709_16360688_trace_sepsis_V1.6-V6.5-SELECTIVE_PRECISION.json,D2_INVALID_RELATION_TARGET_TYPE,INVALID_RELATION_TARGET_TYPE,R_V69K_00054,presente_dysfonction_organe,2,P2_E060,patient,DONNEE_PATIENT,DONNEE_PATIENT,P2_E065,anurie,SYMPTOME,DEFAILLANCE_ORGANE,False,True
D_000025,img20250709_16374548_trace_sepsis_V1.6-V6.5-SELECTIVE_PRECISION.json,D2_INVALID_RELATION_TARGET_TYPE,INVALID_RELATION_TARGET_TYPE,R_V69K_00011,presente_symptome,2,P2_E052,le patient,DONNEE_PATIENT,DONNEE_PATIENT,P2_E001,thrombopénie,BIOMARQUEUR,SYMPTOME,False,True
D_000026,img20250709_16374548_trace_sepsis_V1.6-V6.5-SELECTIVE_PRECISION.json,D2_INVALID_RELATION_TARGET_TYPE,INVALID_RELATION_TARGET_TYPE,R_V69K_00013,presente_suspicion_infection,2,P2_E052,le patient,DONNEE_PATIENT,DONNEE_PATIENT,P2_E051,sinusite maxillaire droite,LABEL_NOSOLOGIQUE,FOYER_INFECTIEUX,False,True
D_000027,img20250709_16374548_trace_sepsis_V1.6-V6.5-SELECTIVE_PRECISION.json,D2_INVALID_RELATION_TARGET_TYPE,INVALID_RELATION_TARGET_TYPE,R_V69K_00076,presente_symptome,5,P5_E032,patient,DONNEE_PATIENT,DONNEE_PATIENT,P5_E018,thrombopénie,BIOMARQUEUR,SYMPTOME,False,True
D_000028,img20250709_16381567_trace_sepsis_V1.6-V6.5-SELECTIVE_PRECISION.json,D2_INVALID_RELATION_TARGET_TYPE,INVALID_RELATION_TARGET_TYPE,R_V69K_00091,presente_symptome,5,P5_E046,Le patient,DONNEE_PATIENT,DONNEE_PATIENT,P5_E038,Neuropathie de réanimation,DEFAILLANCE_ORGANE,SYMPTOME,False,True
D_000029,img20250709_16393818_trace_sepsis_V1.6-V6.5-SELECTIVE_PRECISION.json,D2_INVALID_RELATION_TARGET_TYPE,INVALID_RELATION_TARGET_TYPE,R_V69K_00062,presente_suspicion_infection,5,P5_E070,Patient,DONNEE_PATIENT,DONNEE_PATIENT,P5_E064,angiocholite,SYMPTOME,FOYER_INFECTIEUX,False,True
D_000030,img20250709_16393818_trace_sepsis_V1.6-V6.5-SELECTIVE_PRECISION.json,D2_INVALID_RELATION_TARGET_TYPE,INVALID_RELATION_TARGET_TYPE,R_V69K_00108,a_pour_label_nosologique,6,P6_E036,Patient,DONNEE_PATIENT,DONNEE_PATIENT,P6_E032,Angiocholite,FOYER_INFECTIEUX,LABEL_NOSOLOGIQUE,False,True
D_000031,img20250709_16393818_trace_sepsis_V1.6-V6.5-SELECTIVE_PRECISION.json,D1_INVALID_RELATION_SOURCE_TYPE,INVALID_RELATION_SOURCE_TYPE,R_V69K_00135,a_pour_contexte_acquisition,6,P6_E036,Patient,DONNEE_PATIENT,COMORBIDITE_ANTECEDENT,P6_E031,Infection nosocomiale : oui,CONTEXTE_ACQUISITION,CONTEXTE_ACQUISITION,True,False
D_000032,img20250709_16395936_trace_sepsis_V1.6-V6.5-SELECTIVE_PRECISION.json,D2_INVALID_RELATION_TARGET_TYPE,INVALID_RELATION_TARGET_TYPE,R_V69K_00004,presente_dysfonction_organe,1,P1_E034,Patient,DONNEE_PATIENT,DONNEE_PATIENT,P1_E032,dénutrition sévère,COMORBIDITE_ANTECEDENT,DEFAILLANCE_ORGANE,False,True
D_000033,img20250709_16395936_trace_sepsis_V1.6-V6.5-SELECTIVE_PRECISION.json,D2_INVALID_RELATION_TARGET_TYPE,INVALID_RELATION_TARGET_TYPE,R_V69K_00069,presente_symptome,4,P4_E032,patient,DONNEE_PATIENT,DONNEE_PATIENT,P4_E028,dilatation des veines du membre supérieur gauche,DEFAILLANCE_ORGANE,SYMPTOME,False,True
D_000034,img20250709_16395936_trace_sepsis_V1.6-V6.5-SELECTIVE_PRECISION.json,D2_INVALID_RELATION_TARGET_TYPE,INVALID_RELATION_TARGET_TYPE,R_V69K_00071,presente_dysfonction_organe,4,P4_E032,patient,DONNEE_PATIENT,DONNEE_PATIENT,P4_E037,anurie,SYMPTOME,DEFAILLANCE_ORGANE,False,True
D_000035,img20250709_16414914_trace_sepsis_V1.6-V6.5-SELECTIVE_PRECISION.json,D2_INVALID_RELATION_TARGET_TYPE,INVALID_RELATION_TARGET_TYPE,R_V69K_00001,presente_symptome,1,P1_E027,Patient,DONNEE_PATIENT,DONNEE_PATIENT,P1_E024,coma,LABEL_NOSOLOGIQUE,SYMPTOME,False,True
D_000036,img20250709_16414914_trace_sepsis_V1.6-V6.5-SELECTIVE_PRECISION.json,D2_INVALID_RELATION_TARGET_TYPE,INVALID_RELATION_TARGET_TYPE,R_V69K_00031,presente_dysfonction_organe,2,P2_E040,patient,DONNEE_PATIENT,DONNEE_PATIENT,P2_E045,Anurie,SYMPTOME,DEFAILLANCE_ORGANE,False,True
D_000037,img20250709_16414914_trace_sepsis_V1.6-V6.5-SELECTIVE_PRECISION.json,D2_INVALID_RELATION_TARGET_TYPE,INVALID_RELATION_TARGET_TYPE,R_V69K_00059,presente_dysfonction_organe,5,P5_E020,patient,DONNEE_PATIENT,DONNEE_PATIENT,P5_E017,encéphalopathie hépatique,LABEL_NOSOLOGIQUE,DEFAILLANCE_ORGANE,False,True
D_000038,img20250709_16510509_trace_sepsis_V1.6-V6.5-SELECTIVE_PRECISION.json,D2_INVALID_RELATION_TARGET_TYPE,INVALID_RELATION_TARGET_TYPE,R_V69K_00049,a_pour_label_nosologique,3,P3_E056,patient,DONNEE_PATIENT,DONNEE_PATIENT,P3_E040,pneumopathie nosocomiale,FOYER_INFECTIEUX,LABEL_NOSOLOGIQUE,False,True
D_000039,img20250709_16531341_trace_sepsis_V1.6-V6.5-SELECTIVE_PRECISION.json,D2_INVALID_RELATION_TARGET_TYPE,INVALID_RELATION_TARGET_TYPE,R_V69K_00085,biomarqueur_supporte_defaillance_organe,4,P4_E030,hyperkaliémie,BIOMARQUEUR,BIOMARQUEUR,P4_E029,anurie,SYMPTOME,DEFAILLANCE_ORGANE,False,True
D_000040,img20250709_16531341_trace_sepsis_V1.6-V6.5-SELECTIVE_PRECISION.json,D2_INVALID_RELATION_TARGET_TYPE,INVALID_RELATION_TARGET_TYPE,R_V69K_00089,presente_dysfonction_organe,4,P4_E043,patiente,DONNEE_PATIENT,DONNEE_PATIENT,P4_E029,anurie,SYMPTOME,DEFAILLANCE_ORGANE,False,True
D_000041,img20250709_16531341_trace_sepsis_V1.6-V6.5-SELECTIVE_PRECISION.json,D2_INVALID_RELATION_TARGET_TYPE,INVALID_RELATION_TARGET_TYPE,R_V69K_00118,presente_dysfonction_organe,5,P5_E017,la patiente,DONNEE_PATIENT,DONNEE_PATIENT,P5_E014,encéphalopathie hépatique,LABEL_NOSOLOGIQUE,DEFAILLANCE_ORGANE,False,True
D_000042,img20250709_16545673_trace_sepsis_V1.6-V6.5-SELECTIVE_PRECISION.json,D2_INVALID_RELATION_TARGET_TYPE,INVALID_RELATION_TARGET_TYPE,R_V69K_00034,a_pour_label_nosologique,3,P3_E035,Patient,DONNEE_PATIENT,DONNEE_PATIENT,P3_E020,pneumonie à Pneumocoque,FOYER_INFECTIEUX,LABEL_NOSOLOGIQUE,False,True
D_000043,img20250709_16583921_trace_sepsis_V1.6-V6.5-SELECTIVE_PRECISION.json,D2_INVALID_RELATION_TARGET_TYPE,INVALID_RELATION_TARGET_TYPE,R_V69K_00027,presente_symptome,4,P4_E030,patiente,DONNEE_PATIENT,DONNEE_PATIENT,P4_E023,difficultés ventilatoires,DEFAILLANCE_ORGANE,SYMPTOME,False,True
D_000044,img20250709_16583921_trace_sepsis_V1.6-V6.5-SELECTIVE_PRECISION.json,D2_INVALID_RELATION_TARGET_TYPE,INVALID_RELATION_TARGET_TYPE,R_V69K_00028,presente_dysfonction_organe,4,P4_E030,patiente,DONNEE_PATIENT,DONNEE_PATIENT,P4_E024,hypoxie,SYMPTOME,DEFAILLANCE_ORGANE,False,True
D_000045,img20250709_16583921_trace_sepsis_V1.6-V6.5-SELECTIVE_PRECISION.json,D2_INVALID_RELATION_TARGET_TYPE,INVALID_RELATION_TARGET_TYPE,R_V69K_00043,presente_dysfonction_organe,5,P5_E058,La patiente,DONNEE_PATIENT,DONNEE_PATIENT,P5_E022,dysfonction diastolique,LABEL_NOSOLOGIQUE,DEFAILLANCE_ORGANE,False,True
D_000046,img20250709_17005010_trace_sepsis_V1.6-V6.5-SELECTIVE_PRECISION.json,D2_INVALID_RELATION_TARGET_TYPE,INVALID_RELATION_TARGET_TYPE,R_V69K_00062,a_pour_label_nosologique,4,P4_E030,Patient,DONNEE_PATIENT,DONNEE_PATIENT,P4_E006,gangrène gazeuse,FOYER_INFECTIEUX,LABEL_NOSOLOGIQUE,False,True
