relation_type,classification,count
presente_symptome,AUTO_CORRECTABLE,86
presente_dysfonction_organe,AUTO_CORRECTABLE,62
a_pour_label_nosologique,AUTO_CORRECTABLE,50
presente_symptome,SCHEMA_AMBIGUITY,24
presente_suspicion_infection,AUTO_CORRECTABLE,18
service_medical_accueille,AUTO_CORRECTABLE,14
presente_dysfonction_organe,SCHEMA_AMBIGUITY,13
patient_a_pour_evolution,AUTO_CORRECTABLE,8
a_pour_label_nosologique,SCHEMA_AMBIGUITY,8
traitement_administre_a,DATA_AMBIGUITY,6
imagerie_objective_foyer,SCHEMA_AMBIGUITY,6
traitement_a_pour_posologie,DATA_AMBIGUITY,5
traitement_administre_a,AUTO_CORRECTABLE,4
a_pour_contexte_acquisition,SCHEMA_AMBIGUITY,4
traitement_a_pour_posologie,SCHEMA_AMBIGUITY,4
presente_suspicion_infection,SCHEMA_AMBIGUITY,4
imagerie_objective_comorbidite,SCHEMA_AMBIGUITY,3
biomarqueur_supporte_defaillance_organe,SCHEMA_AMBIGUITY,3
micro_organisme_isole_dans,SCHEMA_AMBIGUITY,3
micro_organisme_isole_dans,AUTO_CORRECTABLE,2
patient_a_pour_evolution,SCHEMA_AMBIGUITY,2
biomarqueur_supporte_defaillance_organe,AUTO_CORRECTABLE,2
signe_vital_supporte_defaillance_organe,SCHEMA_AMBIGUITY,2
biomarqueur_supporte_defaillance_organe,DATA_AMBIGUITY,1
a_pour_label_nosologique,DATA_AMBIGUITY,1
presente_dysfonction_organe,DATA_AMBIGUITY,1
service_medical_accueille,DATA_AMBIGUITY,1
traitement_administre_a,SCHEMA_AMBIGUITY,1
micro_organisme_isole_dans,DATA_AMBIGUITY,1
traitement_indique_par_label_nosologique,DATA_AMBIGUITY,1
traitement_indique_par_label_nosologique,AUTO_CORRECTABLE,1
