document;relations_avant;retirees;relations_apres;retirees_dans_pages
img20250709_16142502_trace_sepsis_V1.6-V6.5-SELECTIVE_PRECISION.json;100;14;86;0
img20250709_16154161_trace_sepsis_V1.6-V6.5-SELECTIVE_PRECISION.json;118;12;106;0
img20250709_16164845_trace_sepsis_V1.6-V6.5-SELECTIVE_PRECISION.json;114;12;102;0
img20250709_16183704_trace_sepsis_V1.6-V6.5-SELECTIVE_PRECISION.json;93;8;85;0
img20250709_16190789_trace_sepsis_V1.6-V6.5-SELECTIVE_PRECISION.json;108;10;98;0
img20250709_16193836_trace_sepsis_V1.6-V6.5-SELECTIVE_PRECISION.json;55;3;52;0
img20250709_16201504_trace_sepsis_V1.6-V6.5-SELECTIVE_PRECISION.json;139;14;125;0
img20250709_16205810_trace_sepsis_V1.6-V6.5-SELECTIVE_PRECISION.json;81;6;75;0
img20250709_16223922_trace_sepsis_V1.6-V6.5-SELECTIVE_PRECISION.json;90;14;76;0
img20250709_16225557_trace_sepsis_V1.6-V6.5-SELECTIVE_PRECISION.json;22;3;19;0
img20250709_16233563_trace_sepsis_V1.6-V6.5-SELECTIVE_PRECISION.json;109;16;93;0
img20250709_16254831_trace_sepsis_V1.6-V6.5-SELECTIVE_PRECISION.json;92;9;83;0
img20250709_16270030_trace_sepsis_V1.6-V6.5-SELECTIVE_PRECISION.json;92;12;80;0
img20250709_16271908_trace_sepsis_V1.6-V6.5-SELECTIVE_PRECISION.json;77;8;69;0
img20250709_16273897_trace_sepsis_V1.6-V6.5-SELECTIVE_PRECISION.json;77;6;71;0
img20250709_16281006_trace_sepsis_V1.6-V6.5-SELECTIVE_PRECISION.json;102;11;91;0
img20250709_16283177_trace_sepsis_V1.6-V6.5-SELECTIVE_PRECISION.json;145;5;140;0
img20250709_16295211_trace_sepsis_V1.6-V6.5-SELECTIVE_PRECISION.json;142;37;105;0
img20250709_16301193_trace_sepsis_V1.6-V6.5-SELECTIVE_PRECISION.json;81;8;73;0
img20250709_16304515_trace_sepsis_V1.6-V6.5-SELECTIVE_PRECISION.json;67;15;52;0
img20250709_16313543_trace_sepsis_V1.6-V6.5-SELECTIVE_PRECISION.json;132;18;114;0
img20250709_16321359_trace_sepsis_V1.6-V6.5-SELECTIVE_PRECISION.json;75;7;68;0
img20250709_16331952_trace_sepsis_V1.6-V6.5-SELECTIVE_PRECISION.json;167;16;151;0
img20250709_16340712_trace_sepsis_V1.6-V6.5-SELECTIVE_PRECISION.json;88;6;82;0
img20250709_16344492_trace_sepsis_V1.6-V6.5-SELECTIVE_PRECISION.json;22;3;19;0
img20250709_16351550_trace_sepsis_V1.6-V6.5-SELECTIVE_PRECISION.json;78;3;75;0
img20250709_16360688_trace_sepsis_V1.6-V6.5-SELECTIVE_PRECISION.json;123;11;112;0
img20250709_16374548_trace_sepsis_V1.6-V6.5-SELECTIVE_PRECISION.json;119;15;104;0
img20250709_16381567_trace_sepsis_V1.6-V6.5-SELECTIVE_PRECISION.json;132;9;123;0
img20250709_16393818_trace_sepsis_V1.6-V6.5-SELECTIVE_PRECISION.json;142;5;137;0
img20250709_16395936_trace_sepsis_V1.6-V6.5-SELECTIVE_PRECISION.json;95;15;80;0
img20250709_16414914_trace_sepsis_V1.6-V6.5-SELECTIVE_PRECISION.json;76;3;73;0
img20250709_16510509_trace_sepsis_V1.6-V6.5-SELECTIVE_PRECISION.json;100;7;93;0
img20250709_16520260_trace_sepsis_V1.6-V6.5-SELECTIVE_PRECISION.json;100;17;83;0
img20250709_16523752_trace_sepsis_V1.6-V6.5-SELECTIVE_PRECISION.json;76;15;61;0
img20250709_16531341_trace_sepsis_V1.6-V6.5-SELECTIVE_PRECISION.json;133;14;119;0
img20250709_16545673_trace_sepsis_V1.6-V6.5-SELECTIVE_PRECISION.json;111;7;104;0
img20250709_16553580_trace_sepsis_V1.6-V6.5-SELECTIVE_PRECISION.json;74;5;69;0
img20250709_16560274_trace_sepsis_V1.6-V6.5-SELECTIVE_PRECISION.json;127;8;119;0
img20250709_16562087_trace_sepsis_V1.6-V6.5-SELECTIVE_PRECISION.json;29;14;15;0
img20250709_16573733_trace_sepsis_V1.6-V6.5-SELECTIVE_PRECISION.json;111;13;98;0
img20250709_16583921_trace_sepsis_V1.6-V6.5-SELECTIVE_PRECISION.json;97;11;86;0
img20250709_17005010_trace_sepsis_V1.6-V6.5-SELECTIVE_PRECISION.json;75;10;65;0
