document,relation_id,relation_type,page,source_value,target_value,source_resolution,target_resolution,missing_roles,candidate_kind,strength
img20250709_16142502_trace_sepsis_V1.6-V6.5-SELECTIVE_PRECISION.json,R_V69K_00018,imagerie_objective_foyer,2,P2_E044,P2_E062,NOT_FOUND,ID,SOURCE,MISSING_ENTITY_ENDPOINT,STRONG
img20250709_16142502_trace_sepsis_V1.6-V6.5-SELECTIVE_PRECISION.json,R_V69K_00019,imagerie_objective_foyer,2,P2_E044,P2_E053,NOT_FOUND,ID,SOURCE,MISSING_ENTITY_ENDPOINT,STRONG
img20250709_16201504_trace_sepsis_V1.6-V6.5-SELECTIVE_PRECISION.json,R_V69K_00018,imagerie_objective_comorbidite,2,P2_E014,P2_E074,ID,NOT_FOUND,TARGET,MISSING_ENTITY_ENDPOINT,STRONG
img20250709_16205810_trace_sepsis_V1.6-V6.5-SELECTIVE_PRECISION.json,R_V69K_00065,a_pour_label_nosologique,5,P5_E015,P5_E014,ID,NOT_FOUND,TARGET,MISSING_ENTITY_ENDPOINT,STRONG
img20250709_16270030_trace_sepsis_V1.6-V6.5-SELECTIVE_PRECISION.json,R_V69K_00047,micro_organisme_isole_dans,4,P4_E026,P4_E024,NOT_FOUND,ID,SOURCE,MISSING_ENTITY_ENDPOINT,STRONG
img20250709_16270030_trace_sepsis_V1.6-V6.5-SELECTIVE_PRECISION.json,R_V69K_00074,traitement_a_pour_posologie,5,P5_E020,P5_E036,ID,NOT_FOUND,TARGET,MISSING_ENTITY_ENDPOINT,STRONG
img20250709_16271908_trace_sepsis_V1.6-V6.5-SELECTIVE_PRECISION.json,R_V69K_00062,presente_symptome,5,P5_E038,P5_E035,ID,NOT_FOUND,TARGET,MISSING_ENTITY_ENDPOINT,STRONG
img20250709_16283177_trace_sepsis_V1.6-V6.5-SELECTIVE_PRECISION.json,R_V69K_00029,traitement_a_pour_posologie,2,P2_E027,P2_E028,ID,NOT_FOUND,TARGET,MISSING_ENTITY_ENDPOINT,STRONG
img20250709_16283177_trace_sepsis_V1.6-V6.5-SELECTIVE_PRECISION.json,R_V69K_00092,presente_dysfonction_organe,6,P6_E047,P6_E005,ID,NOT_FOUND,TARGET,MISSING_ENTITY_ENDPOINT,STRONG
img20250709_16295211_trace_sepsis_V1.6-V6.5-SELECTIVE_PRECISION.json,R_V69K_00037,service_medical_accueille,2,P2_E006,P2_E062,NOT_FOUND,ID,SOURCE,MISSING_ENTITY_ENDPOINT,STRONG
img20250709_16340712_trace_sepsis_V1.6-V6.5-SELECTIVE_PRECISION.json,R_V69K_00048,traitement_administre_a,5,P5_E024,P5_E049,NOT_FOUND,ID,SOURCE,MISSING_ENTITY_ENDPOINT,STRONG
img20250709_16344492_trace_sepsis_V1.6-V6.5-SELECTIVE_PRECISION.json,R_V69K_00010,imagerie_objective_comorbidite,2,P2_E021,P2_E012,NOT_FOUND,ID,SOURCE,MISSING_ENTITY_ENDPOINT,STRONG
img20250709_16374548_trace_sepsis_V1.6-V6.5-SELECTIVE_PRECISION.json,R_V69K_00044,traitement_administre_a,2,P2_E031,P2_E052,NOT_FOUND,ID,SOURCE,MISSING_ENTITY_ENDPOINT,STRONG
img20250709_16414914_trace_sepsis_V1.6-V6.5-SELECTIVE_PRECISION.json,R_V69K_00010,presente_dysfonction_organe,1,P1_E027,P1_E029,ID,NOT_FOUND,TARGET,MISSING_ENTITY_ENDPOINT,STRONG
img20250709_16510509_trace_sepsis_V1.6-V6.5-SELECTIVE_PRECISION.json,R_V69K_00080,traitement_a_pour_posologie,4,P4_E025,P4_E026,ID,NOT_FOUND,TARGET,MISSING_ENTITY_ENDPOINT,STRONG
img20250709_16573733_trace_sepsis_V1.6-V6.5-SELECTIVE_PRECISION.json,R_V69K_00039,traitement_administre_a,4,P4_E034,P4_E038,NOT_FOUND,ID,SOURCE,MISSING_ENTITY_ENDPOINT,STRONG
