chain_id,source_type,relation_1,middle_type,relation_2,target_type,group_1,group_2
biomarqueur_obtenu_a__THEN__precede,BIOMARQUEUR,biomarqueur_obtenu_a,EVENEMENT_TEMPOREL,precede,EVENEMENT_TEMPOREL,RELATIONS_BIOMARQUEURS_ET_MICROBIO,RELATIONS_TEMPORELLES_ET_PRONOSTIC
biomarqueur_obtenu_a__THEN__evenement_associe_evolution,BIOMARQUEUR,biomarqueur_obtenu_a,EVENEMENT_TEMPOREL,evenement_associe_evolution,EVOLUTION_PRONOSTIC,RELATIONS_BIOMARQUEURS_ET_MICROBIO,RELATIONS_TEMPORELLES_ET_PRONOSTIC
a_pour_contexte_acquisition__THEN__contexte_acquisition_influence_risque_resistance,COMORBIDITE_ANTECEDENT,a_pour_contexte_acquisition,CONTEXTE_ACQUISITION,contexte_acquisition_influence_risque_resistance,MICRO_ORGANISME,RELATIONS_TERRAIN_ET_RISQUE,RELATIONS_TERRAIN_ET_RISQUE
contexte_acquisition_influence_risque_resistance__THEN__micro_organisme_isole_dans,CONTEXTE_ACQUISITION,contexte_acquisition_influence_risque_resistance,MICRO_ORGANISME,micro_organisme_isole_dans,FOYER_INFECTIEUX,RELATIONS_TERRAIN_ET_RISQUE,RELATIONS_BIOMARQUEURS_ET_MICROBIO
precede__THEN__precede,EVENEMENT_TEMPOREL,precede,EVENEMENT_TEMPOREL,precede,EVENEMENT_TEMPOREL,RELATIONS_TEMPORELLES_ET_PRONOSTIC,RELATIONS_TEMPORELLES_ET_PRONOSTIC
precede__THEN__evenement_associe_evolution,EVENEMENT_TEMPOREL,precede,EVENEMENT_TEMPOREL,evenement_associe_evolution,EVOLUTION_PRONOSTIC,RELATIONS_TEMPORELLES_ET_PRONOSTIC,RELATIONS_TEMPORELLES_ET_PRONOSTIC
imagerie_objective_comorbidite__THEN__a_pour_contexte_acquisition,IMAGERIE_PROCEDURE,imagerie_objective_comorbidite,COMORBIDITE_ANTECEDENT,a_pour_contexte_acquisition,CONTEXTE_ACQUISITION,RELATIONS_IMAGERIE,RELATIONS_TERRAIN_ET_RISQUE
imagerie_objective_comorbidite__THEN__comorbidite_est_facteur_risque_de,IMAGERIE_PROCEDURE,imagerie_objective_comorbidite,COMORBIDITE_ANTECEDENT,comorbidite_est_facteur_risque_de,LABEL_NOSOLOGIQUE,RELATIONS_IMAGERIE,RELATIONS_TERRAIN_ET_RISQUE
score_sofa_inclut_biomarqueur__THEN__biomarqueur_supporte_defaillance_organe,SCORE_SOFA,score_sofa_inclut_biomarqueur,BIOMARQUEUR,biomarqueur_supporte_defaillance_organe,DEFAILLANCE_ORGANE,RELATIONS_DIAGNOSTIQUES,RELATIONS_BIOMARQUEURS_ET_MICROBIO
score_sofa_inclut_biomarqueur__THEN__biomarqueur_obtenu_a,SCORE_SOFA,score_sofa_inclut_biomarqueur,BIOMARQUEUR,biomarqueur_obtenu_a,EVENEMENT_TEMPOREL,RELATIONS_DIAGNOSTIQUES,RELATIONS_BIOMARQUEURS_ET_MICROBIO
score_sofa_inclut_biomarqueur__THEN__biomarqueur_est_critere_de,SCORE_SOFA,score_sofa_inclut_biomarqueur,BIOMARQUEUR,biomarqueur_est_critere_de,LABEL_NOSOLOGIQUE,RELATIONS_DIAGNOSTIQUES,RELATIONS_BIOMARQUEURS_ET_MICROBIO
score_sofa_calcule_pour__THEN__presente_dysfonction_organe,SCORE_SOFA,score_sofa_calcule_pour,DONNEE_PATIENT,presente_dysfonction_organe,DEFAILLANCE_ORGANE,RELATIONS_DIAGNOSTIQUES,RELATIONS_DIAGNOSTIQUES
score_sofa_calcule_pour__THEN__patient_a_pour_evolution,SCORE_SOFA,score_sofa_calcule_pour,DONNEE_PATIENT,patient_a_pour_evolution,EVOLUTION_PRONOSTIC,RELATIONS_DIAGNOSTIQUES,RELATIONS_TEMPORELLES_ET_PRONOSTIC
score_sofa_calcule_pour__THEN__presente_suspicion_infection,SCORE_SOFA,score_sofa_calcule_pour,DONNEE_PATIENT,presente_suspicion_infection,FOYER_INFECTIEUX,RELATIONS_DIAGNOSTIQUES,RELATIONS_DIAGNOSTIQUES
score_sofa_calcule_pour__THEN__a_pour_label_nosologique,SCORE_SOFA,score_sofa_calcule_pour,DONNEE_PATIENT,a_pour_label_nosologique,LABEL_NOSOLOGIQUE,RELATIONS_DIAGNOSTIQUES,RELATIONS_DIAGNOSTIQUES
score_sofa_calcule_pour__THEN__presente_symptome,SCORE_SOFA,score_sofa_calcule_pour,DONNEE_PATIENT,presente_symptome,SYMPTOME,RELATIONS_DIAGNOSTIQUES,RELATIONS_SYMPTOMES
score_sofa_inclut_signe_vital__THEN__signe_vital_supporte_defaillance_organe,SCORE_SOFA,score_sofa_inclut_signe_vital,SIGNE_VITAL,signe_vital_supporte_defaillance_organe,DEFAILLANCE_ORGANE,RELATIONS_DIAGNOSTIQUES,RELATIONS_SIGNES_VITAUX
score_qsofa_calcule_pour__THEN__presente_dysfonction_organe,SCORE_qSOFA,score_qsofa_calcule_pour,DONNEE_PATIENT,presente_dysfonction_organe,DEFAILLANCE_ORGANE,RELATIONS_DIAGNOSTIQUES,RELATIONS_DIAGNOSTIQUES
score_qsofa_calcule_pour__THEN__patient_a_pour_evolution,SCORE_qSOFA,score_qsofa_calcule_pour,DONNEE_PATIENT,patient_a_pour_evolution,EVOLUTION_PRONOSTIC,RELATIONS_DIAGNOSTIQUES,RELATIONS_TEMPORELLES_ET_PRONOSTIC
score_qsofa_calcule_pour__THEN__presente_suspicion_infection,SCORE_qSOFA,score_qsofa_calcule_pour,DONNEE_PATIENT,presente_suspicion_infection,FOYER_INFECTIEUX,RELATIONS_DIAGNOSTIQUES,RELATIONS_DIAGNOSTIQUES
score_qsofa_calcule_pour__THEN__a_pour_label_nosologique,SCORE_qSOFA,score_qsofa_calcule_pour,DONNEE_PATIENT,a_pour_label_nosologique,LABEL_NOSOLOGIQUE,RELATIONS_DIAGNOSTIQUES,RELATIONS_DIAGNOSTIQUES
score_qsofa_calcule_pour__THEN__presente_symptome,SCORE_qSOFA,score_qsofa_calcule_pour,DONNEE_PATIENT,presente_symptome,SYMPTOME,RELATIONS_DIAGNOSTIQUES,RELATIONS_SYMPTOMES
service_medical_accueille__THEN__presente_dysfonction_organe,SERVICE_MEDICAL,service_medical_accueille,DONNEE_PATIENT,presente_dysfonction_organe,DEFAILLANCE_ORGANE,RELATIONS_TEMPORELLES_ET_PRONOSTIC,RELATIONS_DIAGNOSTIQUES
service_medical_accueille__THEN__patient_a_pour_evolution,SERVICE_MEDICAL,service_medical_accueille,DONNEE_PATIENT,patient_a_pour_evolution,EVOLUTION_PRONOSTIC,RELATIONS_TEMPORELLES_ET_PRONOSTIC,RELATIONS_TEMPORELLES_ET_PRONOSTIC
service_medical_accueille__THEN__presente_suspicion_infection,SERVICE_MEDICAL,service_medical_accueille,DONNEE_PATIENT,presente_suspicion_infection,FOYER_INFECTIEUX,RELATIONS_TEMPORELLES_ET_PRONOSTIC,RELATIONS_DIAGNOSTIQUES
service_medical_accueille__THEN__a_pour_label_nosologique,SERVICE_MEDICAL,service_medical_accueille,DONNEE_PATIENT,a_pour_label_nosologique,LABEL_NOSOLOGIQUE,RELATIONS_TEMPORELLES_ET_PRONOSTIC,RELATIONS_DIAGNOSTIQUES
service_medical_accueille__THEN__presente_symptome,SERVICE_MEDICAL,service_medical_accueille,DONNEE_PATIENT,presente_symptome,SYMPTOME,RELATIONS_TEMPORELLES_ET_PRONOSTIC,RELATIONS_SYMPTOMES
stade_ira_calcule_pour__THEN__presente_dysfonction_organe,STADE_IRA,stade_ira_calcule_pour,DONNEE_PATIENT,presente_dysfonction_organe,DEFAILLANCE_ORGANE,RELATIONS_DIAGNOSTIQUES,RELATIONS_DIAGNOSTIQUES
stade_ira_calcule_pour__THEN__patient_a_pour_evolution,STADE_IRA,stade_ira_calcule_pour,DONNEE_PATIENT,patient_a_pour_evolution,EVOLUTION_PRONOSTIC,RELATIONS_DIAGNOSTIQUES,RELATIONS_TEMPORELLES_ET_PRONOSTIC
stade_ira_calcule_pour__THEN__presente_suspicion_infection,STADE_IRA,stade_ira_calcule_pour,DONNEE_PATIENT,presente_suspicion_infection,FOYER_INFECTIEUX,RELATIONS_DIAGNOSTIQUES,RELATIONS_DIAGNOSTIQUES
stade_ira_calcule_pour__THEN__a_pour_label_nosologique,STADE_IRA,stade_ira_calcule_pour,DONNEE_PATIENT,a_pour_label_nosologique,LABEL_NOSOLOGIQUE,RELATIONS_DIAGNOSTIQUES,RELATIONS_DIAGNOSTIQUES
stade_ira_calcule_pour__THEN__presente_symptome,STADE_IRA,stade_ira_calcule_pour,DONNEE_PATIENT,presente_symptome,SYMPTOME,RELATIONS_DIAGNOSTIQUES,RELATIONS_SYMPTOMES
traitement_administre_a__THEN__presente_dysfonction_organe,TRAITEMENT,traitement_administre_a,DONNEE_PATIENT,presente_dysfonction_organe,DEFAILLANCE_ORGANE,RELATIONS_THERAPEUTIQUES,RELATIONS_DIAGNOSTIQUES
traitement_administre_a__THEN__patient_a_pour_evolution,TRAITEMENT,traitement_administre_a,DONNEE_PATIENT,patient_a_pour_evolution,EVOLUTION_PRONOSTIC,RELATIONS_THERAPEUTIQUES,RELATIONS_TEMPORELLES_ET_PRONOSTIC
traitement_administre_a__THEN__presente_suspicion_infection,TRAITEMENT,traitement_administre_a,DONNEE_PATIENT,presente_suspicion_infection,FOYER_INFECTIEUX,RELATIONS_THERAPEUTIQUES,RELATIONS_DIAGNOSTIQUES
traitement_administre_a__THEN__a_pour_label_nosologique,TRAITEMENT,traitement_administre_a,DONNEE_PATIENT,a_pour_label_nosologique,LABEL_NOSOLOGIQUE,RELATIONS_THERAPEUTIQUES,RELATIONS_DIAGNOSTIQUES
traitement_administre_a__THEN__presente_symptome,TRAITEMENT,traitement_administre_a,DONNEE_PATIENT,presente_symptome,SYMPTOME,RELATIONS_THERAPEUTIQUES,RELATIONS_SYMPTOMES
antibiotique_adequat_pour__THEN__micro_organisme_isole_dans,TRAITEMENT,antibiotique_adequat_pour,MICRO_ORGANISME,micro_organisme_isole_dans,FOYER_INFECTIEUX,RELATIONS_THERAPEUTIQUES,RELATIONS_BIOMARQUEURS_ET_MICROBIO
antibiotique_inadequat_pour__THEN__micro_organisme_isole_dans,TRAITEMENT,antibiotique_inadequat_pour,MICRO_ORGANISME,micro_organisme_isole_dans,FOYER_INFECTIEUX,RELATIONS_THERAPEUTIQUES,RELATIONS_BIOMARQUEURS_ET_MICROBIO
