document,source_entity_id,page,source_text,strength,families,same_page_symptom_target_count,best_target_id,best_target_text,best_target_overlap,best_target_containment,relation_already_exists
img20250709_16201504_trace_sepsis_V1.6-V6.5-SELECTIVE_PRECISION.json,P6_E037,6,le patient | patient,WEAK,,9,P6_E026,Patient toujours somnolent | somnolence,1.0,False,True
img20250709_16233563_trace_sepsis_V1.6-V6.5-SELECTIVE_PRECISION.json,P5_E037,5,Le patient | patient,WEAK,,5,P5_E027,Patient initialement très agité | agitation,1.0,False,True
img20250709_16283177_trace_sepsis_V1.6-V6.5-SELECTIVE_PRECISION.json,P3_E050,3,patient,WEAK,,22,P3_E017,"patient avec rétention d'urine, non sondé | retention_urine",1.0,True,True
img20250709_16295211_trace_sepsis_V1.6-V6.5-SELECTIVE_PRECISION.json,P3_E037,3,patient,WEAK,,10,P3_E016,"patient agité, confus, désorienté dans le temps et dans l'espace | confusion",1.0,True,True
img20250709_16313543_trace_sepsis_V1.6-V6.5-SELECTIVE_PRECISION.json,P5_E042,5,patient,WEAK,,6,P5_E038,perte de contact avec patient vigile | perte de contact,1.0,True,True
img20250709_16331952_trace_sepsis_V1.6-V6.5-SELECTIVE_PRECISION.json,P6_E028,6,le patient | patient,WEAK,,5,P6_E019,Patient à nouveau fébrile depuis le 23/02/13 | fievre,1.0,False,True
img20250709_16360688_trace_sepsis_V1.6-V6.5-SELECTIVE_PRECISION.json,P2_E060,2,patient,WEAK,,6,P2_E016,patient marbré | marbrures,1.0,True,True
img20250709_16374548_trace_sepsis_V1.6-V6.5-SELECTIVE_PRECISION.json,P5_E032,5,patient,WEAK,,8,P5_E031,Patient hypothermique,1.0,True,True
img20250709_16381567_trace_sepsis_V1.6-V6.5-SELECTIVE_PRECISION.json,P2_E045,2,Patient | patient,WEAK,,11,P2_E032,Patient cyanosé | cyanose,1.0,False,True
img20250709_16393818_trace_sepsis_V1.6-V6.5-SELECTIVE_PRECISION.json,P2_E055,2,Patient | patient,WEAK,,20,P2_E018,Patient très dyspnéique | dyspnee,1.0,False,True
img20250709_16545673_trace_sepsis_V1.6-V6.5-SELECTIVE_PRECISION.json,P2_E045,2,Patient | patient,WEAK,,7,P2_E043,Patient cachectique ++ | cachexie,1.0,False,True
img20250709_16562087_trace_sepsis_V1.6-V6.5-SELECTIVE_PRECISION.json,P2_E019,2,Poids (kg) : 36 | 36 | poids_kg,WEAK,,13,P2_E014,Perte de 7 kg en 3 semaine (43kg contre 37 ce jour) | 7 | perte_poids,1.0,False,True
img20250709_16573733_trace_sepsis_V1.6-V6.5-SELECTIVE_PRECISION.json,P1_E019,1,Patient | patient,WEAK,,3,P1_E011,Patient sédaté avec réactions adaptées à la douleur | douleur,1.0,False,True
