document,gold_relations,pred_relations,tp_exact,tp_boundary,tp_relaxed,wrong_type,fp,fn,precision_strict,recall_strict,f1_strict,precision_boundary,recall_boundary,f1_boundary,precision_relaxed,recall_relaxed,f1_relaxed
img20250709_16142502,116,100,56,30,8,0,6,22,0.56,0.4827586206896552,0.5185185185185185,0.86,0.7413793103448276,0.7962962962962963,0.94,0.8103448275862069,0.8703703703703703
img20250709_16154161,120,117,87,21,4,0,5,8,0.7435897435897436,0.725,0.7341772151898733,0.9230769230769231,0.9,0.9113924050632911,0.9572649572649573,0.9333333333333333,0.9451476793248945
img20250709_16164845,118,114,82,23,6,0,3,7,0.7192982456140351,0.6949152542372882,0.706896551724138,0.9210526315789473,0.8898305084745762,0.9051724137931034,0.9736842105263158,0.940677966101695,0.956896551724138
img20250709_16183704,103,93,43,45,4,0,1,11,0.46236559139784944,0.4174757281553398,0.43877551020408156,0.946236559139785,0.8543689320388349,0.8979591836734693,0.989247311827957,0.8932038834951457,0.9387755102040817
img20250709_16190789,132,108,60,36,4,0,8,32,0.5555555555555556,0.45454545454545453,0.5,0.8888888888888888,0.7272727272727273,0.7999999999999999,0.9259259259259259,0.7575757575757576,0.8333333333333334
img20250709_16193836,114,55,33,9,0,0,13,72,0.6,0.2894736842105263,0.3905325443786983,0.7636363636363637,0.3684210526315789,0.4970414201183431,0.7636363636363637,0.3684210526315789,0.4970414201183431
img20250709_16201504,126,146,67,38,3,1,37,17,0.4589041095890411,0.5317460317460317,0.49264705882352944,0.7191780821917808,0.8333333333333334,0.7720588235294118,0.7397260273972602,0.8571428571428571,0.7941176470588235
img20250709_16205810,88,81,53,10,4,0,14,21,0.654320987654321,0.6022727272727273,0.6272189349112426,0.7777777777777778,0.7159090909090909,0.7455621301775148,0.8271604938271605,0.7613636363636364,0.7928994082840236
img20250709_16223922,142,90,37,27,6,0,20,72,0.4111111111111111,0.2605633802816901,0.3189655172413793,0.7111111111111111,0.4507042253521127,0.5517241379310346,0.7777777777777778,0.49295774647887325,0.603448275862069
img20250709_16225557,31,22,8,8,2,0,4,13,0.36363636363636365,0.25806451612903225,0.3018867924528302,0.7272727272727273,0.5161290322580645,0.6037735849056604,0.8181818181818182,0.5806451612903226,0.679245283018868
img20250709_16233563,136,109,45,33,10,0,21,48,0.41284403669724773,0.33088235294117646,0.36734693877551017,0.7155963302752294,0.5735294117647058,0.636734693877551,0.8073394495412844,0.6470588235294118,0.7183673469387756
img20250709_16254831,115,93,40,19,13,0,21,43,0.43010752688172044,0.34782608695652173,0.3846153846153846,0.6344086021505376,0.5130434782608696,0.5673076923076923,0.7741935483870968,0.6260869565217392,0.6923076923076923
img20250709_16270030,140,91,41,35,4,0,11,60,0.45054945054945056,0.29285714285714287,0.354978354978355,0.8351648351648352,0.5428571428571428,0.658008658008658,0.8791208791208791,0.5714285714285714,0.6926406926406926
img20250709_16271908,114,76,14,28,0,0,34,72,0.18421052631578946,0.12280701754385964,0.1473684210526316,0.5526315789473685,0.3684210526315789,0.4421052631578947,0.5526315789473685,0.3684210526315789,0.4421052631578947
img20250709_16273897,89,77,28,31,2,0,16,28,0.36363636363636365,0.3146067415730337,0.3373493975903615,0.7662337662337663,0.6629213483146067,0.7108433734939759,0.7922077922077922,0.6853932584269663,0.7349397590361446
img20250709_16281006,150,102,23,34,10,0,35,83,0.22549019607843138,0.15333333333333332,0.18253968253968253,0.5588235294117647,0.38,0.4523809523809524,0.6568627450980392,0.44666666666666666,0.5317460317460317
img20250709_16283177,175,144,83,40,2,0,19,50,0.5763888888888888,0.4742857142857143,0.5203761755485894,0.8541666666666666,0.7028571428571428,0.7711598746081505,0.8680555555555556,0.7142857142857143,0.7836990595611286
img20250709_16295211,168,142,60,23,2,0,57,83,0.4225352112676056,0.35714285714285715,0.3870967741935484,0.5845070422535211,0.49404761904761907,0.5354838709677421,0.5985915492957746,0.5059523809523809,0.5483870967741935
img20250709_16301193,114,81,41,14,10,0,16,49,0.5061728395061729,0.35964912280701755,0.4205128205128205,0.6790123456790124,0.4824561403508772,0.5641025641025641,0.8024691358024691,0.5701754385964912,0.6666666666666667
img20250709_16304515,107,67,25,33,3,0,6,46,0.373134328358209,0.2336448598130841,0.2873563218390805,0.8656716417910447,0.5420560747663551,0.6666666666666666,0.9104477611940298,0.5700934579439252,0.7011494252873562
img20250709_16313543,143,132,63,33,1,0,35,46,0.4772727272727273,0.4405594405594406,0.45818181818181813,0.7272727272727273,0.6713286713286714,0.6981818181818181,0.7348484848484849,0.6783216783216783,0.7054545454545454
img20250709_16321359,106,75,38,7,17,0,13,44,0.5066666666666667,0.3584905660377358,0.4198895027624309,0.6,0.42452830188679247,0.49723756906077343,0.8266666666666667,0.5849056603773585,0.6850828729281767
img20250709_16331952,229,168,83,48,4,0,33,94,0.49404761904761907,0.3624454148471616,0.4181360201511335,0.7797619047619048,0.5720524017467249,0.6599496221662469,0.8035714285714286,0.5895196506550219,0.6801007556675064
img20250709_16340712,73,88,39,15,1,0,33,18,0.4431818181818182,0.5342465753424658,0.48447204968944096,0.6136363636363636,0.7397260273972602,0.670807453416149,0.625,0.7534246575342466,0.6832298136645963
img20250709_16344492,24,22,10,4,0,0,8,10,0.45454545454545453,0.4166666666666667,0.43478260869565216,0.6363636363636364,0.5833333333333334,0.6086956521739131,0.6363636363636364,0.5833333333333334,0.6086956521739131
img20250709_16351550,69,79,27,29,2,0,21,11,0.34177215189873417,0.391304347826087,0.36486486486486486,0.7088607594936709,0.8115942028985508,0.7567567567567568,0.7341772151898734,0.8405797101449275,0.7837837837837838
img20250709_16360688,120,124,37,52,1,0,34,30,0.29838709677419356,0.30833333333333335,0.3032786885245902,0.717741935483871,0.7416666666666667,0.7295081967213115,0.7258064516129032,0.75,0.7377049180327869
img20250709_16374548,157,118,50,35,0,0,33,72,0.423728813559322,0.3184713375796178,0.3636363636363636,0.7203389830508474,0.5414012738853503,0.6181818181818182,0.7203389830508474,0.5414012738853503,0.6181818181818182
img20250709_16381567,211,132,76,30,2,0,24,103,0.5757575757575758,0.36018957345971564,0.4431486880466472,0.803030303030303,0.5023696682464455,0.6180758017492711,0.8181818181818182,0.5118483412322274,0.629737609329446
img20250709_16393818,121,141,78,16,2,0,45,25,0.5531914893617021,0.6446280991735537,0.5954198473282443,0.6666666666666666,0.7768595041322314,0.7175572519083968,0.6808510638297872,0.7933884297520661,0.7328244274809159
img20250709_16395936,121,99,39,14,5,0,41,63,0.3939393939393939,0.32231404958677684,0.3545454545454546,0.5353535353535354,0.4380165289256198,0.4818181818181818,0.5858585858585859,0.4793388429752066,0.5272727272727273
img20250709_16414914,76,76,53,6,5,0,12,12,0.6973684210526315,0.6973684210526315,0.6973684210526315,0.7763157894736842,0.7763157894736842,0.7763157894736842,0.8421052631578947,0.8421052631578947,0.8421052631578947
img20250709_16510509,89,100,42,26,2,0,30,19,0.42,0.47191011235955055,0.4444444444444445,0.68,0.7640449438202247,0.7195767195767195,0.7,0.7865168539325843,0.7407407407407408
img20250709_16520260,155,100,45,18,0,1,36,91,0.45,0.2903225806451613,0.3529411764705882,0.63,0.4064516129032258,0.49411764705882355,0.63,0.4064516129032258,0.49411764705882355
img20250709_16523752,140,77,25,23,2,0,27,90,0.3246753246753247,0.17857142857142858,0.23041474654377878,0.6233766233766234,0.34285714285714286,0.44239631336405527,0.6493506493506493,0.35714285714285715,0.46082949308755755
img20250709_16531341,90,133,33,32,10,0,58,15,0.24812030075187969,0.36666666666666664,0.2959641255605381,0.48872180451127817,0.7222222222222222,0.5829596412556054,0.5639097744360902,0.8333333333333334,0.672645739910314
img20250709_16545673,68,112,36,10,7,0,59,15,0.32142857142857145,0.5294117647058824,0.39999999999999997,0.4107142857142857,0.6764705882352942,0.5111111111111111,0.4732142857142857,0.7794117647058824,0.5888888888888888
img20250709_16553580,33,74,14,4,11,0,45,4,0.1891891891891892,0.42424242424242425,0.26168224299065423,0.24324324324324326,0.5454545454545454,0.3364485981308411,0.3918918918918919,0.8787878787878788,0.5420560747663552
img20250709_16560274,100,128,53,17,3,0,55,27,0.4140625,0.53,0.4649122807017544,0.546875,0.7,0.6140350877192983,0.5703125,0.73,0.6403508771929824
img20250709_16562087,55,29,19,1,4,0,5,31,0.6551724137931034,0.34545454545454546,0.4523809523809524,0.6896551724137931,0.36363636363636365,0.47619047619047616,0.8275862068965517,0.43636363636363634,0.5714285714285714
img20250709_16573733,112,109,62,12,0,0,35,38,0.5688073394495413,0.5535714285714286,0.5610859728506787,0.6788990825688074,0.6607142857142857,0.669683257918552,0.6788990825688074,0.6607142857142857,0.669683257918552
img20250709_16583921,111,98,54,11,4,0,29,42,0.5510204081632653,0.4864864864864865,0.5167464114832536,0.6632653061224489,0.5855855855855856,0.6220095693779905,0.7040816326530612,0.6216216216216216,0.6602870813397128
img20250709_17005010,84,75,35,7,10,0,23,32,0.4666666666666667,0.4166666666666667,0.44025157232704404,0.56,0.5,0.5283018867924528,0.6933333333333334,0.6190476190476191,0.6540880503144655
