relation_type,tp_exact,tp_boundary,tp_relaxed,wrong_type_as_pred,wrong_type_as_gold,fp,fn,precision_relaxed,recall_relaxed,f1_relaxed
a_pour_contexte_acquisition,4,0,0,0,0,2,14,0.6666666666666666,0.2222222222222222,0.3333333333333333
a_pour_label_nosologique,106,59,6,1,1,78,70,0.684,0.7066115702479339,0.6951219512195121
antibiotique_adequat_pour,0,0,0,0,0,0,37,0.0,0.0,0.0
antibiotique_inadequat_pour,0,0,0,0,0,0,7,0.0,0.0,0.0
biomarqueur_est_critere_de,15,7,9,0,0,8,23,0.7948717948717948,0.5740740740740741,0.6666666666666666
biomarqueur_obtenu_a,0,0,0,0,0,0,24,0.0,0.0,0.0
biomarqueur_supporte_defaillance_organe,64,7,11,0,0,20,24,0.803921568627451,0.7735849056603774,0.7884615384615384
comorbidite_est_facteur_risque_de,0,0,0,0,0,0,19,0.0,0.0,0.0
contexte_acquisition_influence_risque_resistance,1,0,0,0,0,0,3,1.0,0.25,0.4
evenement_associe_evolution,0,0,0,0,0,0,26,0.0,0.0,0.0
imagerie_objective_comorbidite,12,3,1,0,0,1,31,0.9411764705882353,0.3404255319148936,0.5
imagerie_objective_defaillance,0,0,0,0,0,1,38,0.0,0.0,0.0
imagerie_objective_foyer,17,7,3,0,0,7,52,0.7941176470588235,0.34177215189873417,0.4778761061946903
micro_organisme_isole_dans,21,11,3,0,0,15,85,0.7,0.2916666666666667,0.4117647058823529
patient_a_pour_evolution,26,38,5,0,0,25,89,0.7340425531914894,0.43670886075949367,0.5476190476190477
precede,0,0,0,0,0,0,15,0.0,0.0,0.0
presente_dysfonction_organe,106,58,5,1,1,79,102,0.678714859437751,0.6213235294117647,0.6487523992322457
presente_suspicion_infection,56,40,4,0,0,29,63,0.7751937984496124,0.6134969325153374,0.6849315068493151
presente_symptome,402,152,17,0,0,205,237,0.7358247422680413,0.7066831683168316,0.720959595959596
score_sofa_calcule_pour,3,0,0,0,0,1,0,0.75,1.0,0.8571428571428571
service_medical_accueille,68,33,8,0,0,30,40,0.7841726618705036,0.7315436241610739,0.7569444444444445
signe_vital_supporte_defaillance_organe,15,2,2,0,0,3,18,0.8636363636363636,0.5135135135135135,0.6440677966101694
traitement_a_pour_posologie,282,246,40,0,0,214,314,0.7263427109974424,0.6439909297052154,0.6826923076923077
traitement_administre_a,710,324,73,0,0,366,358,0.7515274949083504,0.7556313993174062,0.7535738597685502
traitement_cible_defaillance,0,0,0,0,0,0,57,0.0,0.0,0.0
traitement_indique_par_label_nosologique,25,3,2,0,0,0,25,1.0,0.5454545454545454,0.7058823529411764
