document,page,source_entity_id,traitement_name,traitement_preuve,detection_text,signal_strength,number_component_types,detected_components_text,validation_status,proposed_action,target_posology_id,target_posology_name,target_posology_preuve,target_posology_page,medication_anchor,component_overlap,same_page_score,proof_overlap,final_match_score,component_overlap_warning,manual_decision,manual_comment
img20250709_16142502_trace_sepsis_V1.6-V6.5-SELECTIVE_PRECISION.json,2,P2_E024,Primperanlasilix,Primperanlasilix à 40 mg,Primperanlasilix à 40 mg | Primperanlasilix | 40 | autre,WEAK,1,dose=40 mg,MISSING_RELATION,LINK,P2_E025,40 mg,Primperanlasilix à 40 mg,2,1.0,1.0,1.0,0.5,0.95,,,
img20250709_16183704_trace_sepsis_V1.6-V6.5-SELECTIVE_PRECISION.json,2,P2_E020,Tahor,Tahor 10mg 0-0-1,Tahor 10mg 0-0-1 | Tahor | antibiotique,WEAK,1,dose=10mg,MISSING_RELATION,LINK,P2_E021,10mg,Tahor 10mg 0-0-1,2,1.0,1.0,1.0,0.6667,0.9667,,,
img20250709_16201504_trace_sepsis_V1.6-V6.5-SELECTIVE_PRECISION.json,2,P2_E008,VANCOMYCINE,VANCOMYCINE 2g /24H,VANCOMYCINE 2g /24H | VANCOMYCINE | 2g /24H | antibiotique,MEDIUM,2,rate=2g /24H | dose=2g,CONFIRMED_PATTERN_A,SPLIT,,,,,,,,,,nested_text:rate<->dose:2g /24h<->2g,,
img20250709_16201504_trace_sepsis_V1.6-V6.5-SELECTIVE_PRECISION.json,2,P2_E010,TIÉNAM,TIÉNAM 3g/24H,TIÉNAM 3g/24H | TIÉNAM | 3g/24H | antibiotique,MEDIUM,2,rate=3g/24H | dose=3g,CONFIRMED_PATTERN_A,SPLIT,,,,,,,,,,nested_text:rate<->dose:3g/24h<->3g,,
img20250709_16201504_trace_sepsis_V1.6-V6.5-SELECTIVE_PRECISION.json,2,P2_E029,MIDAZOLAM,MIDAZOLAM 10mg /h,MIDAZOLAM 10mg /h | MIDAZOLAM | 10mg /h | sedatif,MEDIUM,2,rate=10mg /h | dose=10mg,CONFIRMED_PATTERN_A,SPLIT,,,,,,,,,,nested_text:rate<->dose:10mg /h<->10mg,,
img20250709_16201504_trace_sepsis_V1.6-V6.5-SELECTIVE_PRECISION.json,2,P2_E030,FENTANYL,FENTANYL 300 µg /h,FENTANYL 300 µg /h | FENTANYL | 300 µg /h | sedatif,MEDIUM,2,rate=300 µg /h | dose=300 µg,CONFIRMED_PATTERN_A,SPLIT,,,,,,,,,,nested_text:rate<->dose:300 µg /h<->300 µg,,
img20250709_16201504_trace_sepsis_V1.6-V6.5-SELECTIVE_PRECISION.json,2,P2_E034,Hypnovel,Hypnovel 10 mg/h,Hypnovel 10 mg/h | Hypnovel | 10 mg/h | sedatif,MEDIUM,2,rate=10 mg/h | dose=10 mg,CONFIRMED_PATTERN_A,SPLIT,,,,,,,,,,nested_text:rate<->dose:10 mg/h<->10 mg,,
img20250709_16201504_trace_sepsis_V1.6-V6.5-SELECTIVE_PRECISION.json,2,P2_E035,Keppra,Keppra 500 mg : 1-0-1,Keppra 500 mg : 1-0-1 | Keppra | 500 mg | traitement_habituel,WEAK,1,dose=500 mg,MISSING_RELATION,LINK,P1_E005,500 mg,Keppra 500 mg : 1 - 0 - 1,1,1.0,1.0,0.0,0.5,0.8,,,
img20250709_16201504_trace_sepsis_V1.6-V6.5-SELECTIVE_PRECISION.json,2,P2_E041,Vimpat,Vimpat 100 mg : 1-0-1,Vimpat 100 mg : 1-0-1 | Vimpat | 100 mg | traitement_habituel,WEAK,1,dose=100 mg,MISSING_RELATION,LINK,P1_E010,100 mg,Vimpat 100 mg : 1 - 0 - 1,1,1.0,1.0,0.0,0.5,0.8,,,
img20250709_16331952_trace_sepsis_V1.6-V6.5-SELECTIVE_PRECISION.json,2,P2_E017,CALCIPARINE,CALCIPARINE SC,CALCIPARINE SC | CALCIPARINE | antibiotique,WEAK,1,route=SC,MISSING_RELATION,LINK,P2_E018,3/J,CALCIPARINE SC 0.2 ML*3/J,2,1.0,1.0,1.0,0.5,0.95,,,
img20250709_16331952_trace_sepsis_V1.6-V6.5-SELECTIVE_PRECISION.json,2,P2_E024,VANCOMYCINE,VANCOMYCINE 0.5G/J,VANCOMYCINE 0.5G/J | VANCOMYCINE | antibiotique,WEAK,1,dose=0.5G,MISSING_RELATION,LINK,P2_E025,0.5G,VANCOMYCINE 0.5G/J,2,1.0,1.0,1.0,0.5,0.95,,,
img20250709_16351550_trace_sepsis_V1.6-V6.5-SELECTIVE_PRECISION.json,2,P2_E011,Pentothal,bolus de Pentotal 500 mg et mise sous 500 mg/h en relais,bolus de Pentotal 500 mg et mise sous 500 mg/h en relais | Pentothal | sedatif,MEDIUM,2,rate=500 mg/h | dose=500 mg,CONFIRMED_PATTERN_A,SPLIT,,,,,,,,,,nested_text:rate<->dose:500 mg/h<->500 mg,,
img20250709_16360688_trace_sepsis_V1.6-V6.5-SELECTIVE_PRECISION.json,1,P1_E030,Lasilix,Lasilix 40 mg 1/j,Lasilix 40 mg 1/j | Lasilix | diuretique,MEDIUM,2,frequency=1/j | dose=40 mg,CONFIRMED_PATTERN_A,SPLIT,,,,,,,,,,,,
img20250709_16381567_trace_sepsis_V1.6-V6.5-SELECTIVE_PRECISION.json,4,P4_E017,Noradrénaline,Noradrénaline à 1 mg/h,Noradrénaline à 1 mg/h | Noradrénaline | 1 | vasopresseur,WEAK,1,rate=1 mg/h,MISSING_RELATION,LINK,P4_E018,2 jours,Noradrénaline à 1 mg/h pendant 2 jours,4,1.0,1.0,1.0,0.5,0.95,,,
img20250709_16395936_trace_sepsis_V1.6-V6.5-SELECTIVE_PRECISION.json,2,P2_E008,CLAVENTIN,CLAVENTIN 3g,CLAVENTIN 3g | CLAVENTIN | antibiotique,WEAK,1,dose=3g,MISSING_RELATION,LINK,P1_E028,3g,claventin 3g,1,1.0,1.0,0.0,0.5,0.8,,,
img20250709_16395936_trace_sepsis_V1.6-V6.5-SELECTIVE_PRECISION.json,2,P2_E009,AMIKLIN,AMIKLIN 500 mg,AMIKLIN 500 mg | AMIKLIN | antibiotique,WEAK,1,dose=500 mg,MISSING_RELATION,LINK,P1_E029,500 mg,500 mg d'amiklin,1,1.0,1.0,0.0,0.5,0.8,,,
img20250709_16395936_trace_sepsis_V1.6-V6.5-SELECTIVE_PRECISION.json,2,P2_E028,Specialfodine IV,Specialfodine IV 5 mg,Specialfodine IV 5 mg | Specialfodine IV | autre,MEDIUM,2,dose=5 mg | route=IV,CONFIRMED_PATTERN_A,SPLIT,,,,,,,,,,,,
img20250709_16395936_trace_sepsis_V1.6-V6.5-SELECTIVE_PRECISION.json,2,P2_E031,Venofer,Venofer IV 300 mg : 1/semaine,Venofer IV 300 mg : 1/semaine | Venofer | autre,MEDIUM,2,dose=300 mg | route=IV,CONFIRMED_PATTERN_A,SPLIT,,,,,,,,,,,,
img20250709_16523752_trace_sepsis_V1.6-V6.5-SELECTIVE_PRECISION.json,5,P5_E025,ZELITrex,ZELITrex 500 mg 1/j,ZELITrex 500 mg 1/j | ZELITrex | autre,MEDIUM,2,frequency=1/j | dose=500 mg,CONFIRMED_PATTERN_A,SPLIT,,,,,,,,,,,,
img20250709_16573733_trace_sepsis_V1.6-V6.5-SELECTIVE_PRECISION.json,6,P6_E022,Kcl,Kcl 2g/j,Kcl 2g/j | Kcl | 2 | autre,WEAK,1,dose=2g,MISSING_RELATION,LINK,P6_E023,2g,Kcl 2g/j,6,1.0,1.0,1.0,0.5,0.95,,,
