relation_type,target_type_observed,target_type_expected,count
traitement_administre_a,DEFAILLANCE_ORGANE,DONNEE_PATIENT,98
traitement_administre_a,LABEL_NOSOLOGIQUE,DONNEE_PATIENT,81
traitement_administre_a,SYMPTOME,DONNEE_PATIENT,43
traitement_administre_a,FOYER_INFECTIEUX,DONNEE_PATIENT,37
service_medical_accueille,SYMPTOME,DONNEE_PATIENT,15
presente_symptome,SIGNE_VITAL,SYMPTOME,10
service_medical_accueille,DEFAILLANCE_ORGANE,DONNEE_PATIENT,9
presente_dysfonction_organe,SYMPTOME,DEFAILLANCE_ORGANE,9
presente_symptome,DEFAILLANCE_ORGANE,SYMPTOME,8
a_pour_label_nosologique,FOYER_INFECTIEUX,LABEL_NOSOLOGIQUE,7
presente_dysfonction_organe,LABEL_NOSOLOGIQUE,DEFAILLANCE_ORGANE,6
presente_symptome,BIOMARQUEUR,SYMPTOME,5
presente_symptome,DONNEE_PATIENT,SYMPTOME,3
imagerie_objective_comorbidite,LABEL_NOSOLOGIQUE,COMORBIDITE_ANTECEDENT,3
micro_organisme_isole_dans,IMAGERIE_PROCEDURE,FOYER_INFECTIEUX,3
traitement_a_pour_posologie,TRAITEMENT,POSOLOGIE,3
imagerie_objective_foyer,SYMPTOME,FOYER_INFECTIEUX,3
a_pour_label_nosologique,SYMPTOME,LABEL_NOSOLOGIQUE,3
presente_symptome,COMORBIDITE_ANTECEDENT,SYMPTOME,3
service_medical_accueille,LABEL_NOSOLOGIQUE,DONNEE_PATIENT,3
presente_symptome,LABEL_NOSOLOGIQUE,SYMPTOME,2
traitement_indique_par_label_nosologique,COMORBIDITE_ANTECEDENT,LABEL_NOSOLOGIQUE,2
micro_organisme_isole_dans,LABEL_NOSOLOGIQUE,FOYER_INFECTIEUX,2
presente_suspicion_infection,SYMPTOME,FOYER_INFECTIEUX,2
biomarqueur_supporte_defaillance_organe,LABEL_NOSOLOGIQUE,DEFAILLANCE_ORGANE,2
traitement_indique_par_label_nosologique,DEFAILLANCE_ORGANE,LABEL_NOSOLOGIQUE,2
a_pour_label_nosologique,DEFAILLANCE_ORGANE,LABEL_NOSOLOGIQUE,2
imagerie_objective_comorbidite,DEFAILLANCE_ORGANE,COMORBIDITE_ANTECEDENT,2
service_medical_accueille,FOYER_INFECTIEUX,DONNEE_PATIENT,2
presente_suspicion_infection,COMORBIDITE_ANTECEDENT,FOYER_INFECTIEUX,2
micro_organisme_isole_dans,MICRO_ORGANISME,FOYER_INFECTIEUX,2
patient_a_pour_evolution,BIOMARQUEUR,EVOLUTION_PRONOSTIC,1
imagerie_objective_comorbidite,SYMPTOME,COMORBIDITE_ANTECEDENT,1
presente_symptome,TRAITEMENT,SYMPTOME,1
patient_a_pour_evolution,SYMPTOME,EVOLUTION_PRONOSTIC,1
traitement_a_pour_posologie,SIGNE_VITAL,POSOLOGIE,1
patient_a_pour_evolution,TRAITEMENT,EVOLUTION_PRONOSTIC,1
presente_dysfonction_organe,COMORBIDITE_ANTECEDENT,DEFAILLANCE_ORGANE,1
biomarqueur_supporte_defaillance_organe,SYMPTOME,DEFAILLANCE_ORGANE,1
traitement_a_pour_posologie,DEFAILLANCE_ORGANE,POSOLOGIE,1
signe_vital_supporte_defaillance_organe,LABEL_NOSOLOGIQUE,DEFAILLANCE_ORGANE,1
