relation_type,mismatch_kind,source_type_observed,source_type_expected,target_type_observed,target_type_expected,count
traitement_administre_a,TARGET_MISMATCH,TRAITEMENT,TRAITEMENT,DEFAILLANCE_ORGANE,DONNEE_PATIENT,97
traitement_administre_a,TARGET_MISMATCH,TRAITEMENT,TRAITEMENT,LABEL_NOSOLOGIQUE,DONNEE_PATIENT,81
presente_symptome,SOURCE_MISMATCH,DEFAILLANCE_ORGANE,DONNEE_PATIENT,SYMPTOME,SYMPTOME,53
presente_symptome,SOURCE_MISMATCH,SYMPTOME,DONNEE_PATIENT,SYMPTOME,SYMPTOME,45
traitement_administre_a,TARGET_MISMATCH,TRAITEMENT,TRAITEMENT,SYMPTOME,DONNEE_PATIENT,43
traitement_administre_a,TARGET_MISMATCH,TRAITEMENT,TRAITEMENT,FOYER_INFECTIEUX,DONNEE_PATIENT,37
presente_dysfonction_organe,SOURCE_MISMATCH,DEFAILLANCE_ORGANE,DONNEE_PATIENT,DEFAILLANCE_ORGANE,DEFAILLANCE_ORGANE,30
presente_symptome,SOURCE_MISMATCH,FOYER_INFECTIEUX,DONNEE_PATIENT,SYMPTOME,SYMPTOME,27
a_pour_label_nosologique,SOURCE_MISMATCH,DEFAILLANCE_ORGANE,DONNEE_PATIENT,LABEL_NOSOLOGIQUE,LABEL_NOSOLOGIQUE,24
presente_symptome,SOURCE_MISMATCH,LABEL_NOSOLOGIQUE,DONNEE_PATIENT,SYMPTOME,SYMPTOME,18
service_medical_accueille,TARGET_MISMATCH,SERVICE_MEDICAL,SERVICE_MEDICAL,SYMPTOME,DONNEE_PATIENT,15
a_pour_label_nosologique,SOURCE_MISMATCH,LABEL_NOSOLOGIQUE,DONNEE_PATIENT,LABEL_NOSOLOGIQUE,LABEL_NOSOLOGIQUE,15
presente_dysfonction_organe,SOURCE_MISMATCH,LABEL_NOSOLOGIQUE,DONNEE_PATIENT,DEFAILLANCE_ORGANE,DEFAILLANCE_ORGANE,15
presente_suspicion_infection,SOURCE_MISMATCH,DEFAILLANCE_ORGANE,DONNEE_PATIENT,FOYER_INFECTIEUX,FOYER_INFECTIEUX,13
a_pour_label_nosologique,SOURCE_MISMATCH,SYMPTOME,DONNEE_PATIENT,LABEL_NOSOLOGIQUE,LABEL_NOSOLOGIQUE,10
service_medical_accueille,TARGET_MISMATCH,SERVICE_MEDICAL,SERVICE_MEDICAL,DEFAILLANCE_ORGANE,DONNEE_PATIENT,9
presente_dysfonction_organe,BOTH_MISMATCH,DEFAILLANCE_ORGANE,DONNEE_PATIENT,SYMPTOME,DEFAILLANCE_ORGANE,9
presente_suspicion_infection,SOURCE_MISMATCH,SYMPTOME,DONNEE_PATIENT,FOYER_INFECTIEUX,FOYER_INFECTIEUX,8
patient_a_pour_evolution,SOURCE_MISMATCH,DEFAILLANCE_ORGANE,DONNEE_PATIENT,EVOLUTION_PRONOSTIC,EVOLUTION_PRONOSTIC,8
presente_dysfonction_organe,SOURCE_MISMATCH,SYMPTOME,DONNEE_PATIENT,DEFAILLANCE_ORGANE,DEFAILLANCE_ORGANE,7
presente_symptome,TARGET_MISMATCH,DONNEE_PATIENT,DONNEE_PATIENT,SIGNE_VITAL,SYMPTOME,6
presente_dysfonction_organe,BOTH_MISMATCH,DEFAILLANCE_ORGANE,DONNEE_PATIENT,LABEL_NOSOLOGIQUE,DEFAILLANCE_ORGANE,5
presente_symptome,TARGET_MISMATCH,DONNEE_PATIENT,DONNEE_PATIENT,BIOMARQUEUR,SYMPTOME,5
presente_suspicion_infection,SOURCE_MISMATCH,LABEL_NOSOLOGIQUE,DONNEE_PATIENT,FOYER_INFECTIEUX,FOYER_INFECTIEUX,5
presente_symptome,BOTH_MISMATCH,SYMPTOME,DONNEE_PATIENT,DEFAILLANCE_ORGANE,SYMPTOME,4
traitement_administre_a,SOURCE_MISMATCH,LABEL_NOSOLOGIQUE,TRAITEMENT,DONNEE_PATIENT,DONNEE_PATIENT,4
presente_suspicion_infection,SOURCE_MISMATCH,FOYER_INFECTIEUX,DONNEE_PATIENT,FOYER_INFECTIEUX,FOYER_INFECTIEUX,4
patient_a_pour_evolution,SOURCE_MISMATCH,FOYER_INFECTIEUX,DONNEE_PATIENT,EVOLUTION_PRONOSTIC,EVOLUTION_PRONOSTIC,4
a_pour_label_nosologique,SOURCE_MISMATCH,FOYER_INFECTIEUX,DONNEE_PATIENT,LABEL_NOSOLOGIQUE,LABEL_NOSOLOGIQUE,4
a_pour_label_nosologique,BOTH_MISMATCH,LABEL_NOSOLOGIQUE,DONNEE_PATIENT,FOYER_INFECTIEUX,LABEL_NOSOLOGIQUE,4
presente_symptome,BOTH_MISMATCH,SYMPTOME,DONNEE_PATIENT,SIGNE_VITAL,SYMPTOME,3
imagerie_objective_comorbidite,TARGET_MISMATCH,IMAGERIE_PROCEDURE,IMAGERIE_PROCEDURE,LABEL_NOSOLOGIQUE,COMORBIDITE_ANTECEDENT,3
micro_organisme_isole_dans,SOURCE_MISMATCH,FOYER_INFECTIEUX,MICRO_ORGANISME,FOYER_INFECTIEUX,FOYER_INFECTIEUX,3
micro_organisme_isole_dans,BOTH_MISMATCH,FOYER_INFECTIEUX,MICRO_ORGANISME,IMAGERIE_PROCEDURE,FOYER_INFECTIEUX,3
traitement_a_pour_posologie,TARGET_MISMATCH,TRAITEMENT,TRAITEMENT,TRAITEMENT,POSOLOGIE,3
imagerie_objective_foyer,BOTH_MISMATCH,FOYER_INFECTIEUX,IMAGERIE_PROCEDURE,SYMPTOME,FOYER_INFECTIEUX,3
presente_dysfonction_organe,SOURCE_MISMATCH,FOYER_INFECTIEUX,DONNEE_PATIENT,DEFAILLANCE_ORGANE,DEFAILLANCE_ORGANE,3
service_medical_accueille,TARGET_MISMATCH,SERVICE_MEDICAL,SERVICE_MEDICAL,LABEL_NOSOLOGIQUE,DONNEE_PATIENT,3
presente_symptome,TARGET_MISMATCH,DONNEE_PATIENT,DONNEE_PATIENT,DONNEE_PATIENT,SYMPTOME,2
presente_symptome,TARGET_MISMATCH,DONNEE_PATIENT,DONNEE_PATIENT,LABEL_NOSOLOGIQUE,SYMPTOME,2
traitement_indique_par_label_nosologique,BOTH_MISMATCH,LABEL_NOSOLOGIQUE,TRAITEMENT,COMORBIDITE_ANTECEDENT,LABEL_NOSOLOGIQUE,2
a_pour_label_nosologique,TARGET_MISMATCH,DONNEE_PATIENT,DONNEE_PATIENT,FOYER_INFECTIEUX,LABEL_NOSOLOGIQUE,2
a_pour_contexte_acquisition,SOURCE_MISMATCH,LABEL_NOSOLOGIQUE,COMORBIDITE_ANTECEDENT,CONTEXTE_ACQUISITION,CONTEXTE_ACQUISITION,2
presente_suspicion_infection,BOTH_MISMATCH,FOYER_INFECTIEUX,DONNEE_PATIENT,SYMPTOME,FOYER_INFECTIEUX,2
biomarqueur_supporte_defaillance_organe,BOTH_MISMATCH,DEFAILLANCE_ORGANE,BIOMARQUEUR,LABEL_NOSOLOGIQUE,DEFAILLANCE_ORGANE,2
a_pour_label_nosologique,BOTH_MISMATCH,LABEL_NOSOLOGIQUE,DONNEE_PATIENT,SYMPTOME,LABEL_NOSOLOGIQUE,2
traitement_indique_par_label_nosologique,BOTH_MISMATCH,LABEL_NOSOLOGIQUE,TRAITEMENT,DEFAILLANCE_ORGANE,LABEL_NOSOLOGIQUE,2
a_pour_label_nosologique,BOTH_MISMATCH,LABEL_NOSOLOGIQUE,DONNEE_PATIENT,DEFAILLANCE_ORGANE,LABEL_NOSOLOGIQUE,2
presente_symptome,BOTH_MISMATCH,SYMPTOME,DONNEE_PATIENT,COMORBIDITE_ANTECEDENT,SYMPTOME,2
imagerie_objective_comorbidite,TARGET_MISMATCH,IMAGERIE_PROCEDURE,IMAGERIE_PROCEDURE,DEFAILLANCE_ORGANE,COMORBIDITE_ANTECEDENT,2
presente_symptome,TARGET_MISMATCH,DONNEE_PATIENT,DONNEE_PATIENT,DEFAILLANCE_ORGANE,SYMPTOME,2
service_medical_accueille,TARGET_MISMATCH,SERVICE_MEDICAL,SERVICE_MEDICAL,FOYER_INFECTIEUX,DONNEE_PATIENT,2
presente_symptome,BOTH_MISMATCH,DEFAILLANCE_ORGANE,DONNEE_PATIENT,DEFAILLANCE_ORGANE,SYMPTOME,2
presente_suspicion_infection,BOTH_MISMATCH,FOYER_INFECTIEUX,DONNEE_PATIENT,COMORBIDITE_ANTECEDENT,FOYER_INFECTIEUX,2
micro_organisme_isole_dans,TARGET_MISMATCH,MICRO_ORGANISME,MICRO_ORGANISME,MICRO_ORGANISME,FOYER_INFECTIEUX,2
a_pour_contexte_acquisition,SOURCE_MISMATCH,DONNEE_PATIENT,COMORBIDITE_ANTECEDENT,CONTEXTE_ACQUISITION,CONTEXTE_ACQUISITION,1
a_pour_contexte_acquisition,SOURCE_MISMATCH,SYMPTOME,COMORBIDITE_ANTECEDENT,CONTEXTE_ACQUISITION,CONTEXTE_ACQUISITION,1
patient_a_pour_evolution,TARGET_MISMATCH,DONNEE_PATIENT,DONNEE_PATIENT,BIOMARQUEUR,EVOLUTION_PRONOSTIC,1
imagerie_objective_comorbidite,TARGET_MISMATCH,IMAGERIE_PROCEDURE,IMAGERIE_PROCEDURE,SYMPTOME,COMORBIDITE_ANTECEDENT,1
presente_symptome,TARGET_MISMATCH,DONNEE_PATIENT,DONNEE_PATIENT,TRAITEMENT,SYMPTOME,1
presente_dysfonction_organe,TARGET_MISMATCH,DONNEE_PATIENT,DONNEE_PATIENT,LABEL_NOSOLOGIQUE,DEFAILLANCE_ORGANE,1
micro_organisme_isole_dans,BOTH_MISMATCH,FOYER_INFECTIEUX,MICRO_ORGANISME,LABEL_NOSOLOGIQUE,FOYER_INFECTIEUX,1
micro_organisme_isole_dans,TARGET_MISMATCH,MICRO_ORGANISME,MICRO_ORGANISME,LABEL_NOSOLOGIQUE,FOYER_INFECTIEUX,1
patient_a_pour_evolution,BOTH_MISMATCH,FOYER_INFECTIEUX,DONNEE_PATIENT,SYMPTOME,EVOLUTION_PRONOSTIC,1
presente_symptome,BOTH_MISMATCH,DEFAILLANCE_ORGANE,DONNEE_PATIENT,SIGNE_VITAL,SYMPTOME,1
traitement_a_pour_posologie,SOURCE_MISMATCH,LABEL_NOSOLOGIQUE,TRAITEMENT,POSOLOGIE,POSOLOGIE,1
presente_symptome,BOTH_MISMATCH,SYMPTOME,DONNEE_PATIENT,DONNEE_PATIENT,SYMPTOME,1
a_pour_label_nosologique,TARGET_MISMATCH,DONNEE_PATIENT,DONNEE_PATIENT,SYMPTOME,LABEL_NOSOLOGIQUE,1
a_pour_label_nosologique,BOTH_MISMATCH,DEFAILLANCE_ORGANE,DONNEE_PATIENT,FOYER_INFECTIEUX,LABEL_NOSOLOGIQUE,1
traitement_a_pour_posologie,TARGET_MISMATCH,TRAITEMENT,TRAITEMENT,SIGNE_VITAL,POSOLOGIE,1
traitement_administre_a,SOURCE_MISMATCH,POSOLOGIE,TRAITEMENT,DONNEE_PATIENT,DONNEE_PATIENT,1
patient_a_pour_evolution,SOURCE_MISMATCH,SYMPTOME,DONNEE_PATIENT,EVOLUTION_PRONOSTIC,EVOLUTION_PRONOSTIC,1
patient_a_pour_evolution,TARGET_MISMATCH,DONNEE_PATIENT,DONNEE_PATIENT,TRAITEMENT,EVOLUTION_PRONOSTIC,1
presente_dysfonction_organe,BOTH_MISMATCH,DEFAILLANCE_ORGANE,DONNEE_PATIENT,COMORBIDITE_ANTECEDENT,DEFAILLANCE_ORGANE,1
traitement_administre_a,BOTH_MISMATCH,POSOLOGIE,TRAITEMENT,DEFAILLANCE_ORGANE,DONNEE_PATIENT,1
biomarqueur_supporte_defaillance_organe,BOTH_MISMATCH,DEFAILLANCE_ORGANE,BIOMARQUEUR,SYMPTOME,DEFAILLANCE_ORGANE,1
traitement_a_pour_posologie,BOTH_MISMATCH,POSOLOGIE,TRAITEMENT,DEFAILLANCE_ORGANE,POSOLOGIE,1
service_medical_accueille,SOURCE_MISMATCH,TRAITEMENT,SERVICE_MEDICAL,DONNEE_PATIENT,DONNEE_PATIENT,1
presente_symptome,TARGET_MISMATCH,DONNEE_PATIENT,DONNEE_PATIENT,COMORBIDITE_ANTECEDENT,SYMPTOME,1
signe_vital_supporte_defaillance_organe,BOTH_MISMATCH,DEFAILLANCE_ORGANE,SIGNE_VITAL,LABEL_NOSOLOGIQUE,DEFAILLANCE_ORGANE,1
