relation_type,source_type_observed,source_type_expected,count
presente_symptome,DEFAILLANCE_ORGANE,DONNEE_PATIENT,56
presente_symptome,SYMPTOME,DONNEE_PATIENT,55
presente_dysfonction_organe,DEFAILLANCE_ORGANE,DONNEE_PATIENT,45
presente_symptome,FOYER_INFECTIEUX,DONNEE_PATIENT,27
a_pour_label_nosologique,DEFAILLANCE_ORGANE,DONNEE_PATIENT,25
a_pour_label_nosologique,LABEL_NOSOLOGIQUE,DONNEE_PATIENT,23
presente_symptome,LABEL_NOSOLOGIQUE,DONNEE_PATIENT,18
presente_dysfonction_organe,LABEL_NOSOLOGIQUE,DONNEE_PATIENT,15
presente_suspicion_infection,DEFAILLANCE_ORGANE,DONNEE_PATIENT,13
a_pour_label_nosologique,SYMPTOME,DONNEE_PATIENT,10
presente_suspicion_infection,SYMPTOME,DONNEE_PATIENT,8
patient_a_pour_evolution,DEFAILLANCE_ORGANE,DONNEE_PATIENT,8
presente_suspicion_infection,FOYER_INFECTIEUX,DONNEE_PATIENT,8
presente_dysfonction_organe,SYMPTOME,DONNEE_PATIENT,7
micro_organisme_isole_dans,FOYER_INFECTIEUX,MICRO_ORGANISME,7
patient_a_pour_evolution,FOYER_INFECTIEUX,DONNEE_PATIENT,5
presente_suspicion_infection,LABEL_NOSOLOGIQUE,DONNEE_PATIENT,5
traitement_administre_a,LABEL_NOSOLOGIQUE,TRAITEMENT,4
traitement_indique_par_label_nosologique,LABEL_NOSOLOGIQUE,TRAITEMENT,4
a_pour_label_nosologique,FOYER_INFECTIEUX,DONNEE_PATIENT,4
imagerie_objective_foyer,FOYER_INFECTIEUX,IMAGERIE_PROCEDURE,3
biomarqueur_supporte_defaillance_organe,DEFAILLANCE_ORGANE,BIOMARQUEUR,3
presente_dysfonction_organe,FOYER_INFECTIEUX,DONNEE_PATIENT,3
a_pour_contexte_acquisition,LABEL_NOSOLOGIQUE,COMORBIDITE_ANTECEDENT,2
traitement_administre_a,POSOLOGIE,TRAITEMENT,2
a_pour_contexte_acquisition,DONNEE_PATIENT,COMORBIDITE_ANTECEDENT,1
a_pour_contexte_acquisition,SYMPTOME,COMORBIDITE_ANTECEDENT,1
traitement_a_pour_posologie,LABEL_NOSOLOGIQUE,TRAITEMENT,1
patient_a_pour_evolution,SYMPTOME,DONNEE_PATIENT,1
traitement_a_pour_posologie,POSOLOGIE,TRAITEMENT,1
service_medical_accueille,TRAITEMENT,SERVICE_MEDICAL,1
signe_vital_supporte_defaillance_organe,DEFAILLANCE_ORGANE,SIGNE_VITAL,1
