candidate_id,document,source_type,relation_1,middle_type_missing,relation_2,target_type,selected_evidence,relation_grounding_status,recommended_action,direct_relation_ids,direct_relation_types,relation_grounding_reason
B2_000018,img20250709_16154161_trace_sepsis_V1.6-V6.5-SELECTIVE_PRECISION.json,COMORBIDITE_ANTECEDENT,a_pour_contexte_acquisition,CONTEXTE_ACQUISITION,contexte_acquisition_influence_risque_resistance,MICRO_ORGANISME,nosocomiale,NO_DIRECT_RELATIONAL_EVIDENCE,NONE,,,"A et C sont présents, mais aucune relation directe A->C n'existe. La création de deux nouvelles relations serait une inférence."
B2_000070,img20250709_16164845_trace_sepsis_V1.6-V6.5-SELECTIVE_PRECISION.json,COMORBIDITE_ANTECEDENT,a_pour_contexte_acquisition,CONTEXTE_ACQUISITION,contexte_acquisition_influence_risque_resistance,MICRO_ORGANISME,nosocomiale,NO_DIRECT_RELATIONAL_EVIDENCE,NONE,,,"A et C sont présents, mais aucune relation directe A->C n'existe. La création de deux nouvelles relations serait une inférence."
B2_000145,img20250709_16183704_trace_sepsis_V1.6-V6.5-SELECTIVE_PRECISION.json,COMORBIDITE_ANTECEDENT,a_pour_contexte_acquisition,CONTEXTE_ACQUISITION,contexte_acquisition_influence_risque_resistance,MICRO_ORGANISME,nosocomiale,NO_DIRECT_RELATIONAL_EVIDENCE,NONE,,,"A et C sont présents, mais aucune relation directe A->C n'existe. La création de deux nouvelles relations serait une inférence."
B2_000220,img20250709_16201504_trace_sepsis_V1.6-V6.5-SELECTIVE_PRECISION.json,COMORBIDITE_ANTECEDENT,a_pour_contexte_acquisition,CONTEXTE_ACQUISITION,contexte_acquisition_influence_risque_resistance,MICRO_ORGANISME,nosocomiale,NO_DIRECT_RELATIONAL_EVIDENCE,NONE,,,"A et C sont présents, mais aucune relation directe A->C n'existe. La création de deux nouvelles relations serait une inférence."
B2_000225,img20250709_16225557_trace_sepsis_V1.6-V6.5-SELECTIVE_PRECISION.json,COMORBIDITE_ANTECEDENT,a_pour_contexte_acquisition,CONTEXTE_ACQUISITION,contexte_acquisition_influence_risque_resistance,MICRO_ORGANISME,nosocomiale,NO_DIRECT_RELATIONAL_EVIDENCE,NONE,,,"A et C sont présents, mais aucune relation directe A->C n'existe. La création de deux nouvelles relations serait une inférence."
B2_000237,img20250709_16254831_trace_sepsis_V1.6-V6.5-SELECTIVE_PRECISION.json,COMORBIDITE_ANTECEDENT,a_pour_contexte_acquisition,CONTEXTE_ACQUISITION,contexte_acquisition_influence_risque_resistance,MICRO_ORGANISME,nosocomiale,NO_DIRECT_RELATIONAL_EVIDENCE,NONE,,,"A et C sont présents, mais aucune relation directe A->C n'existe. La création de deux nouvelles relations serait une inférence."
B2_000577,img20250709_16271908_trace_sepsis_V1.6-V6.5-SELECTIVE_PRECISION.json,COMORBIDITE_ANTECEDENT,a_pour_contexte_acquisition,CONTEXTE_ACQUISITION,contexte_acquisition_influence_risque_resistance,MICRO_ORGANISME,nosocomiale,NO_DIRECT_RELATIONAL_EVIDENCE,NONE,,,"A et C sont présents, mais aucune relation directe A->C n'existe. La création de deux nouvelles relations serait une inférence."
B2_000719,img20250709_16321359_trace_sepsis_V1.6-V6.5-SELECTIVE_PRECISION.json,COMORBIDITE_ANTECEDENT,a_pour_contexte_acquisition,CONTEXTE_ACQUISITION,contexte_acquisition_influence_risque_resistance,MICRO_ORGANISME,nosocomiale,NO_DIRECT_RELATIONAL_EVIDENCE,NONE,,,"A et C sont présents, mais aucune relation directe A->C n'existe. La création de deux nouvelles relations serait une inférence."
B2_000729,img20250709_16340712_trace_sepsis_V1.6-V6.5-SELECTIVE_PRECISION.json,COMORBIDITE_ANTECEDENT,a_pour_contexte_acquisition,CONTEXTE_ACQUISITION,contexte_acquisition_influence_risque_resistance,MICRO_ORGANISME,nosocomiale,NO_DIRECT_RELATIONAL_EVIDENCE,NONE,,,"A et C sont présents, mais aucune relation directe A->C n'existe. La création de deux nouvelles relations serait une inférence."
B2_000877,img20250709_16374548_trace_sepsis_V1.6-V6.5-SELECTIVE_PRECISION.json,COMORBIDITE_ANTECEDENT,a_pour_contexte_acquisition,CONTEXTE_ACQUISITION,contexte_acquisition_influence_risque_resistance,MICRO_ORGANISME,nosocomiale,NO_DIRECT_RELATIONAL_EVIDENCE,NONE,,,"A et C sont présents, mais aucune relation directe A->C n'existe. La création de deux nouvelles relations serait une inférence."
B2_001187,img20250709_16520260_trace_sepsis_V1.6-V6.5-SELECTIVE_PRECISION.json,COMORBIDITE_ANTECEDENT,a_pour_contexte_acquisition,CONTEXTE_ACQUISITION,contexte_acquisition_influence_risque_resistance,MICRO_ORGANISME,nosocomiale,NO_DIRECT_RELATIONAL_EVIDENCE,NONE,,,"A et C sont présents, mais aucune relation directe A->C n'existe. La création de deux nouvelles relations serait une inférence."
B2_001203,img20250709_16523752_trace_sepsis_V1.6-V6.5-SELECTIVE_PRECISION.json,COMORBIDITE_ANTECEDENT,a_pour_contexte_acquisition,CONTEXTE_ACQUISITION,contexte_acquisition_influence_risque_resistance,MICRO_ORGANISME,nosocomiale,NO_DIRECT_RELATIONAL_EVIDENCE,NONE,,,"A et C sont présents, mais aucune relation directe A->C n'existe. La création de deux nouvelles relations serait une inférence."
B2_001622,img20250709_16553580_trace_sepsis_V1.6-V6.5-SELECTIVE_PRECISION.json,COMORBIDITE_ANTECEDENT,a_pour_contexte_acquisition,CONTEXTE_ACQUISITION,contexte_acquisition_influence_risque_resistance,MICRO_ORGANISME,nosocomiale,NO_DIRECT_RELATIONAL_EVIDENCE,NONE,,,"A et C sont présents, mais aucune relation directe A->C n'existe. La création de deux nouvelles relations serait une inférence."
B2_001630,img20250709_16562087_trace_sepsis_V1.6-V6.5-SELECTIVE_PRECISION.json,COMORBIDITE_ANTECEDENT,a_pour_contexte_acquisition,CONTEXTE_ACQUISITION,contexte_acquisition_influence_risque_resistance,MICRO_ORGANISME,nosocomiale,NO_DIRECT_RELATIONAL_EVIDENCE,NONE,,,"A et C sont présents, mais aucune relation directe A->C n'existe. La création de deux nouvelles relations serait une inférence."
B2_001642,img20250709_16573733_trace_sepsis_V1.6-V6.5-SELECTIVE_PRECISION.json,COMORBIDITE_ANTECEDENT,a_pour_contexte_acquisition,CONTEXTE_ACQUISITION,contexte_acquisition_influence_risque_resistance,MICRO_ORGANISME,nosocomiale,NO_DIRECT_RELATIONAL_EVIDENCE,NONE,,,"A et C sont présents, mais aucune relation directe A->C n'existe. La création de deux nouvelles relations serait une inférence."
B2_001645,img20250709_17005010_trace_sepsis_V1.6-V6.5-SELECTIVE_PRECISION.json,COMORBIDITE_ANTECEDENT,a_pour_contexte_acquisition,CONTEXTE_ACQUISITION,contexte_acquisition_influence_risque_resistance,MICRO_ORGANISME,nosocomiale,NO_DIRECT_RELATIONAL_EVIDENCE,NONE,,,"A et C sont présents, mais aucune relation directe A->C n'existe. La création de deux nouvelles relations serait une inférence."
