document;identifiant_relation;sujet;type_relation;objet;regles;type_inference;niveau_confiance;preuve
img20250709_16254831;R_V69K_00052;PAS 133;signe_vital_supporte_defaillance_organe;choc;G3_NEGATED_ENDPOINT:object;inference_structurelle_v68;HIGH;ignes généraux et vitaux Temp °C : 38.4 PAS 133 PAM 102 FC (bpm) : 144 FR (c/mn) : 16 SaO2 (%) : 94 en air ambiant  Examen cardio-vasculaire Pas de signe de choc : pas de marbrure, bonne coloration cut
img20250709_16254831;R_V69K_00053;tachycardie;signe_vital_supporte_defaillance_organe;choc;G3_NEGATED_ENDPOINT:object;inference_structurelle_v68;HIGH;xamen cardio-vasculaire Pas de signe de choc : pas de marbrure, bonne coloration cutanéo-muqueuse Pouls périphériques perçus Bruits du coeur réguliers, tachycardie, souffle intense au foyer tricuspidien
img20250709_16281006;R_V69K_00091;pneumopathie nosocomiale;a_pour_contexte_acquisition;Infection nosocomiale : oui;G5_NO_LOCAL_COOCCURRENCE;inference_structurelle_v68;HIGH;ollapsus de reventilation et d’une pneumopathie nosocomiale à Haemophilus parainfluenzae et Morganelle morganii chez une patiente présentant une hépatopathie chronique non suivie.  Transfert ce jour à Widal 2 pour bilan de son hépatopathie.  PRESCRIPTION DE SORTIE  Inexium 20 mg, 1 cp soir Contramal
img20250709_16295211;R_V69K_00069;noradrénaline;traitement_administre_a;patient;G1_ENDPOINT_NOT_IN_SOURCE:subject;extraction_directe;HIGH;sous NAD 4.5 mg/h
img20250709_16295211;R_V69K_00070;noradrénaline;traitement_a_pour_posologie;4.5 mg;G1_ENDPOINT_NOT_IN_SOURCE:subject;extraction_directe;HIGH;4.5 mg
img20250709_16301193;R_V69K_00060;La patiente;presente_symptome;asthénie;G1_ENDPOINT_NOT_IN_SOURCE:object | G2_FABRICATED_EVIDENCE;extraction_directe;LOW;asthénie
img20250709_16313543;R_V69K_00018;capnie à 50mmHg;biomarqueur_supporte_defaillance_organe;détresse respiratoire hypercapnique;G5_NO_LOCAL_COOCCURRENCE;extraction_directe;HIGH;capnie à 50mmHg
img20250709_16313543;R_V69K_00021;pH = 7.36;biomarqueur_supporte_defaillance_organe;détresse respiratoire hypercapnique;G5_NO_LOCAL_COOCCURRENCE;extraction_directe;HIGH;acidose hypercapnique (pH = 7.36 et pCO2 = 60mmHg)
img20250709_16313543;R_V69K_00022;pCO2 = 60mmHg;biomarqueur_supporte_defaillance_organe;détresse respiratoire hypercapnique;G5_NO_LOCAL_COOCCURRENCE;extraction_directe;HIGH;acidose hypercapnique (pH = 7.36 et pCO2 = 60mmHg)
img20250709_16545673;R_V69K_00090;vitamine B6;traitement_administre_a;Patient;G1_ENDPOINT_NOT_IN_SOURCE:subject;extraction_directe;HIGH;pyridoxine vit b6
img20250709_16545673;R_V69K_00091;vitamine B6;traitement_a_pour_posologie;250 mg;G1_ENDPOINT_NOT_IN_SOURCE:subject;extraction_directe;HIGH;1 amp pyridoxine vit b6 250 mg
img20250709_16545673;R_V69K_00092;vitamine PP;traitement_administre_a;Patient;G1_ENDPOINT_NOT_IN_SOURCE:subject;extraction_directe;HIGH;vit pp
img20250709_16545673;R_V69K_00093;vitamine PP;traitement_a_pour_posologie;100 mg;G1_ENDPOINT_NOT_IN_SOURCE:subject;extraction_directe;HIGH;1 amp vit pp 100 mg
img20250709_17005010;R_V69K_00033;Patiente;presente_symptome;asthenie;G1_ENDPOINT_NOT_IN_SOURCE:object | G2_FABRICATED_EVIDENCE;extraction_directe;LOW;asthenie
img20250709_17005010;R_V69K_00034;Patiente;presente_symptome;dyspnee;G1_ENDPOINT_NOT_IN_SOURCE:object | G2_FABRICATED_EVIDENCE;extraction_directe;LOW;dyspnee
