document,anomaly_type,relation_type,relation_id,source_id,source_type_actual,source_type_expected,target_id,target_type_actual,target_type_expected,details
img20250709_16142502_trace_sepsis_V1.6-V6.5-SELECTIVE_PRECISION.json,ORPHAN_RELATION_SOURCE,imagerie_objective_foyer,R_V69K_00018,P2_E044,,IMAGERIE_PROCEDURE,P2_E062,FOYER_INFECTIEUX,FOYER_INFECTIEUX,source absente
img20250709_16142502_trace_sepsis_V1.6-V6.5-SELECTIVE_PRECISION.json,ORPHAN_RELATION_SOURCE,imagerie_objective_foyer,R_V69K_00019,P2_E044,,IMAGERIE_PROCEDURE,P2_E053,FOYER_INFECTIEUX,FOYER_INFECTIEUX,source absente
img20250709_16190789_trace_sepsis_V1.6-V6.5-SELECTIVE_PRECISION.json,INVALID_RELATION_SOURCE_TYPE,a_pour_contexte_acquisition,R_V69K_00098,P6_E038,DONNEE_PATIENT,COMORBIDITE_ANTECEDENT,P6_E029,CONTEXTE_ACQUISITION,CONTEXTE_ACQUISITION,mauvais type source
img20250709_16193836_trace_sepsis_V1.6-V6.5-SELECTIVE_PRECISION.json,INVALID_RELATION_TARGET_TYPE,presente_symptome,R_V69K_00030,P2_E046,DONNEE_PATIENT,DONNEE_PATIENT,P2_E044,DEFAILLANCE_ORGANE,SYMPTOME,mauvais type cible
img20250709_16201504_trace_sepsis_V1.6-V6.5-SELECTIVE_PRECISION.json,ORPHAN_RELATION_TARGET,imagerie_objective_comorbidite,R_V69K_00018,P2_E014,IMAGERIE_PROCEDURE,IMAGERIE_PROCEDURE,P2_E074,,COMORBIDITE_ANTECEDENT,cible absente
img20250709_16205810_trace_sepsis_V1.6-V6.5-SELECTIVE_PRECISION.json,ORPHAN_RELATION_TARGET,a_pour_label_nosologique,R_V69K_00065,P5_E015,DONNEE_PATIENT,DONNEE_PATIENT,P5_E014,,LABEL_NOSOLOGIQUE,cible absente
img20250709_16205810_trace_sepsis_V1.6-V6.5-SELECTIVE_PRECISION.json,INVALID_RELATION_TARGET_TYPE,presente_dysfonction_organe,R_V69K_00073,P5_E015,DONNEE_PATIENT,DONNEE_PATIENT,P5_E004,LABEL_NOSOLOGIQUE,DEFAILLANCE_ORGANE,mauvais type cible
img20250709_16223922_trace_sepsis_V1.6-V6.5-SELECTIVE_PRECISION.json,INVALID_RELATION_TARGET_TYPE,presente_symptome,R_V69K_00014,P2_E061,DONNEE_PATIENT,DONNEE_PATIENT,P2_E047,LABEL_NOSOLOGIQUE,SYMPTOME,mauvais type cible
img20250709_16270030_trace_sepsis_V1.6-V6.5-SELECTIVE_PRECISION.json,ORPHAN_RELATION_SOURCE,micro_organisme_isole_dans,R_V69K_00047,P4_E026,,MICRO_ORGANISME,P4_E024,FOYER_INFECTIEUX,FOYER_INFECTIEUX,source absente
img20250709_16270030_trace_sepsis_V1.6-V6.5-SELECTIVE_PRECISION.json,ORPHAN_RELATION_TARGET,traitement_a_pour_posologie,R_V69K_00074,P5_E020,TRAITEMENT,TRAITEMENT,P5_E036,,POSOLOGIE,cible absente
img20250709_16271908_trace_sepsis_V1.6-V6.5-SELECTIVE_PRECISION.json,ORPHAN_RELATION_TARGET,presente_symptome,R_V69K_00062,P5_E038,DONNEE_PATIENT,DONNEE_PATIENT,P5_E035,,SYMPTOME,cible absente
img20250709_16273897_trace_sepsis_V1.6-V6.5-SELECTIVE_PRECISION.json,INVALID_RELATION_TARGET_TYPE,a_pour_label_nosologique,R_V69K_00047,P5_E032,DONNEE_PATIENT,DONNEE_PATIENT,P5_E022,FOYER_INFECTIEUX,LABEL_NOSOLOGIQUE,mauvais type cible
img20250709_16281006_trace_sepsis_V1.6-V6.5-SELECTIVE_PRECISION.json,INVALID_RELATION_TARGET_TYPE,presente_symptome,R_V69K_00045,P5_E055,DONNEE_PATIENT,DONNEE_PATIENT,P5_E044,BIOMARQUEUR,SYMPTOME,mauvais type cible
img20250709_16281006_trace_sepsis_V1.6-V6.5-SELECTIVE_PRECISION.json,INVALID_RELATION_TARGET_TYPE,a_pour_label_nosologique,R_V69K_00046,P5_E055,DONNEE_PATIENT,DONNEE_PATIENT,P5_E020,FOYER_INFECTIEUX,LABEL_NOSOLOGIQUE,mauvais type cible
img20250709_16281006_trace_sepsis_V1.6-V6.5-SELECTIVE_PRECISION.json,INVALID_RELATION_TARGET_TYPE,presente_dysfonction_organe,R_V69K_00082,P6_E042,DONNEE_PATIENT,DONNEE_PATIENT,P6_E038,LABEL_NOSOLOGIQUE,DEFAILLANCE_ORGANE,mauvais type cible
img20250709_16281006_trace_sepsis_V1.6-V6.5-SELECTIVE_PRECISION.json,INVALID_RELATION_SOURCE_TYPE,a_pour_contexte_acquisition,R_V69K_00091,P6_E002,LABEL_NOSOLOGIQUE,COMORBIDITE_ANTECEDENT,P6_E023,CONTEXTE_ACQUISITION,CONTEXTE_ACQUISITION,mauvais type source
img20250709_16283177_trace_sepsis_V1.6-V6.5-SELECTIVE_PRECISION.json,ORPHAN_RELATION_TARGET,traitement_a_pour_posologie,R_V69K_00029,P2_E027,TRAITEMENT,TRAITEMENT,P2_E028,,POSOLOGIE,cible absente
img20250709_16283177_trace_sepsis_V1.6-V6.5-SELECTIVE_PRECISION.json,INVALID_RELATION_TARGET_TYPE,presente_suspicion_infection,R_V69K_00085,P5_E035,DONNEE_PATIENT,DONNEE_PATIENT,P5_E029,SYMPTOME,FOYER_INFECTIEUX,mauvais type cible
img20250709_16283177_trace_sepsis_V1.6-V6.5-SELECTIVE_PRECISION.json,INVALID_RELATION_TARGET_TYPE,patient_a_pour_evolution,R_V69K_00088,P5_E035,DONNEE_PATIENT,DONNEE_PATIENT,P5_E028,SYMPTOME,EVOLUTION_PRONOSTIC,mauvais type cible
img20250709_16283177_trace_sepsis_V1.6-V6.5-SELECTIVE_PRECISION.json,ORPHAN_RELATION_TARGET,presente_dysfonction_organe,R_V69K_00092,P6_E047,DONNEE_PATIENT,DONNEE_PATIENT,P6_E005,,DEFAILLANCE_ORGANE,cible absente
img20250709_16295211_trace_sepsis_V1.6-V6.5-SELECTIVE_PRECISION.json,ORPHAN_RELATION_SOURCE,service_medical_accueille,R_V69K_00037,P2_E006,,SERVICE_MEDICAL,P2_E062,DONNEE_PATIENT,DONNEE_PATIENT,source absente
img20250709_16301193_trace_sepsis_V1.6-V6.5-SELECTIVE_PRECISION.json,INVALID_RELATION_TARGET_TYPE,a_pour_label_nosologique,R_V69K_00062,P5_E046,DONNEE_PATIENT,DONNEE_PATIENT,P5_E028,SYMPTOME,LABEL_NOSOLOGIQUE,mauvais type cible
img20250709_16313543_trace_sepsis_V1.6-V6.5-SELECTIVE_PRECISION.json,INVALID_RELATION_TARGET_TYPE,a_pour_label_nosologique,R_V69K_00050,P4_E040,DONNEE_PATIENT,DONNEE_PATIENT,P4_E031,FOYER_INFECTIEUX,LABEL_NOSOLOGIQUE,mauvais type cible
img20250709_16313543_trace_sepsis_V1.6-V6.5-SELECTIVE_PRECISION.json,INVALID_RELATION_TARGET_TYPE,a_pour_label_nosologique,R_V69K_00081,P5_E042,DONNEE_PATIENT,DONNEE_PATIENT,P5_E019,DEFAILLANCE_ORGANE,LABEL_NOSOLOGIQUE,mauvais type cible
img20250709_16313543_trace_sepsis_V1.6-V6.5-SELECTIVE_PRECISION.json,INVALID_RELATION_TARGET_TYPE,a_pour_label_nosologique,R_V69K_00085,P5_E042,DONNEE_PATIENT,DONNEE_PATIENT,P5_E039,SYMPTOME,LABEL_NOSOLOGIQUE,mauvais type cible
img20250709_16313543_trace_sepsis_V1.6-V6.5-SELECTIVE_PRECISION.json,INVALID_RELATION_TARGET_TYPE,a_pour_label_nosologique,R_V69K_00109,P6_E025,DONNEE_PATIENT,DONNEE_PATIENT,P6_E022,DEFAILLANCE_ORGANE,LABEL_NOSOLOGIQUE,mauvais type cible
img20250709_16321359_trace_sepsis_V1.6-V6.5-SELECTIVE_PRECISION.json,INVALID_RELATION_TARGET_TYPE,a_pour_label_nosologique,R_V69K_00003,P1_E024,DONNEE_PATIENT,DONNEE_PATIENT,P1_E004,SYMPTOME,LABEL_NOSOLOGIQUE,mauvais type cible
img20250709_16321359_trace_sepsis_V1.6-V6.5-SELECTIVE_PRECISION.json,INVALID_RELATION_TARGET_TYPE,presente_dysfonction_organe,R_V69K_00058,P4_E036,DONNEE_PATIENT,DONNEE_PATIENT,P4_E039,SYMPTOME,DEFAILLANCE_ORGANE,mauvais type cible
img20250709_16331952_trace_sepsis_V1.6-V6.5-SELECTIVE_PRECISION.json,INVALID_RELATION_TARGET_TYPE,presente_dysfonction_organe,R_V69K_00049,P4_E032,DONNEE_PATIENT,DONNEE_PATIENT,P4_E029,SYMPTOME,DEFAILLANCE_ORGANE,mauvais type cible
img20250709_16331952_trace_sepsis_V1.6-V6.5-SELECTIVE_PRECISION.json,INVALID_RELATION_TARGET_TYPE,presente_symptome,R_V69K_00111,P6_E028,DONNEE_PATIENT,DONNEE_PATIENT,P6_E014,DEFAILLANCE_ORGANE,SYMPTOME,mauvais type cible
img20250709_16340712_trace_sepsis_V1.6-V6.5-SELECTIVE_PRECISION.json,ORPHAN_RELATION_SOURCE,traitement_administre_a,R_V69K_00048,P5_E024,,TRAITEMENT,P5_E049,DONNEE_PATIENT,DONNEE_PATIENT,source absente
img20250709_16344492_trace_sepsis_V1.6-V6.5-SELECTIVE_PRECISION.json,ORPHAN_RELATION_SOURCE,imagerie_objective_comorbidite,R_V69K_00010,P2_E021,,IMAGERIE_PROCEDURE,P2_E012,COMORBIDITE_ANTECEDENT,COMORBIDITE_ANTECEDENT,source absente
img20250709_16360688_trace_sepsis_V1.6-V6.5-SELECTIVE_PRECISION.json,INVALID_RELATION_TARGET_TYPE,a_pour_label_nosologique,R_V69K_00028,P2_E060,DONNEE_PATIENT,DONNEE_PATIENT,P2_E001,FOYER_INFECTIEUX,LABEL_NOSOLOGIQUE,mauvais type cible
img20250709_16360688_trace_sepsis_V1.6-V6.5-SELECTIVE_PRECISION.json,INVALID_RELATION_TARGET_TYPE,presente_dysfonction_organe,R_V69K_00049,P2_E060,DONNEE_PATIENT,DONNEE_PATIENT,P2_E037,SYMPTOME,DEFAILLANCE_ORGANE,mauvais type cible
img20250709_16360688_trace_sepsis_V1.6-V6.5-SELECTIVE_PRECISION.json,INVALID_RELATION_TARGET_TYPE,presente_dysfonction_organe,R_V69K_00051,P2_E060,DONNEE_PATIENT,DONNEE_PATIENT,P2_E044,SYMPTOME,DEFAILLANCE_ORGANE,mauvais type cible
img20250709_16360688_trace_sepsis_V1.6-V6.5-SELECTIVE_PRECISION.json,INVALID_RELATION_TARGET_TYPE,presente_dysfonction_organe,R_V69K_00054,P2_E060,DONNEE_PATIENT,DONNEE_PATIENT,P2_E065,SYMPTOME,DEFAILLANCE_ORGANE,mauvais type cible
img20250709_16374548_trace_sepsis_V1.6-V6.5-SELECTIVE_PRECISION.json,INVALID_RELATION_TARGET_TYPE,presente_symptome,R_V69K_00011,P2_E052,DONNEE_PATIENT,DONNEE_PATIENT,P2_E001,BIOMARQUEUR,SYMPTOME,mauvais type cible
img20250709_16374548_trace_sepsis_V1.6-V6.5-SELECTIVE_PRECISION.json,INVALID_RELATION_TARGET_TYPE,presente_suspicion_infection,R_V69K_00013,P2_E052,DONNEE_PATIENT,DONNEE_PATIENT,P2_E051,LABEL_NOSOLOGIQUE,FOYER_INFECTIEUX,mauvais type cible
img20250709_16374548_trace_sepsis_V1.6-V6.5-SELECTIVE_PRECISION.json,ORPHAN_RELATION_SOURCE,traitement_administre_a,R_V69K_00044,P2_E031,,TRAITEMENT,P2_E052,DONNEE_PATIENT,DONNEE_PATIENT,source absente
img20250709_16374548_trace_sepsis_V1.6-V6.5-SELECTIVE_PRECISION.json,INVALID_RELATION_TARGET_TYPE,presente_symptome,R_V69K_00076,P5_E032,DONNEE_PATIENT,DONNEE_PATIENT,P5_E018,BIOMARQUEUR,SYMPTOME,mauvais type cible
img20250709_16381567_trace_sepsis_V1.6-V6.5-SELECTIVE_PRECISION.json,INVALID_RELATION_TARGET_TYPE,presente_symptome,R_V69K_00091,P5_E046,DONNEE_PATIENT,DONNEE_PATIENT,P5_E038,DEFAILLANCE_ORGANE,SYMPTOME,mauvais type cible
img20250709_16393818_trace_sepsis_V1.6-V6.5-SELECTIVE_PRECISION.json,INVALID_RELATION_TARGET_TYPE,presente_suspicion_infection,R_V69K_00062,P5_E070,DONNEE_PATIENT,DONNEE_PATIENT,P5_E064,SYMPTOME,FOYER_INFECTIEUX,mauvais type cible
img20250709_16393818_trace_sepsis_V1.6-V6.5-SELECTIVE_PRECISION.json,INVALID_RELATION_TARGET_TYPE,a_pour_label_nosologique,R_V69K_00108,P6_E036,DONNEE_PATIENT,DONNEE_PATIENT,P6_E032,FOYER_INFECTIEUX,LABEL_NOSOLOGIQUE,mauvais type cible
img20250709_16393818_trace_sepsis_V1.6-V6.5-SELECTIVE_PRECISION.json,INVALID_RELATION_SOURCE_TYPE,a_pour_contexte_acquisition,R_V69K_00135,P6_E036,DONNEE_PATIENT,COMORBIDITE_ANTECEDENT,P6_E031,CONTEXTE_ACQUISITION,CONTEXTE_ACQUISITION,mauvais type source
img20250709_16395936_trace_sepsis_V1.6-V6.5-SELECTIVE_PRECISION.json,INVALID_RELATION_TARGET_TYPE,presente_dysfonction_organe,R_V69K_00004,P1_E034,DONNEE_PATIENT,DONNEE_PATIENT,P1_E032,COMORBIDITE_ANTECEDENT,DEFAILLANCE_ORGANE,mauvais type cible
img20250709_16395936_trace_sepsis_V1.6-V6.5-SELECTIVE_PRECISION.json,INVALID_RELATION_TARGET_TYPE,presente_symptome,R_V69K_00069,P4_E032,DONNEE_PATIENT,DONNEE_PATIENT,P4_E028,DEFAILLANCE_ORGANE,SYMPTOME,mauvais type cible
img20250709_16395936_trace_sepsis_V1.6-V6.5-SELECTIVE_PRECISION.json,INVALID_RELATION_TARGET_TYPE,presente_dysfonction_organe,R_V69K_00071,P4_E032,DONNEE_PATIENT,DONNEE_PATIENT,P4_E037,SYMPTOME,DEFAILLANCE_ORGANE,mauvais type cible
img20250709_16414914_trace_sepsis_V1.6-V6.5-SELECTIVE_PRECISION.json,INVALID_RELATION_TARGET_TYPE,presente_symptome,R_V69K_00001,P1_E027,DONNEE_PATIENT,DONNEE_PATIENT,P1_E024,LABEL_NOSOLOGIQUE,SYMPTOME,mauvais type cible
img20250709_16414914_trace_sepsis_V1.6-V6.5-SELECTIVE_PRECISION.json,ORPHAN_RELATION_TARGET,presente_dysfonction_organe,R_V69K_00010,P1_E027,DONNEE_PATIENT,DONNEE_PATIENT,P1_E029,,DEFAILLANCE_ORGANE,cible absente
img20250709_16414914_trace_sepsis_V1.6-V6.5-SELECTIVE_PRECISION.json,INVALID_RELATION_TARGET_TYPE,presente_dysfonction_organe,R_V69K_00031,P2_E040,DONNEE_PATIENT,DONNEE_PATIENT,P2_E045,SYMPTOME,DEFAILLANCE_ORGANE,mauvais type cible
img20250709_16414914_trace_sepsis_V1.6-V6.5-SELECTIVE_PRECISION.json,INVALID_RELATION_TARGET_TYPE,presente_dysfonction_organe,R_V69K_00059,P5_E020,DONNEE_PATIENT,DONNEE_PATIENT,P5_E017,LABEL_NOSOLOGIQUE,DEFAILLANCE_ORGANE,mauvais type cible
img20250709_16510509_trace_sepsis_V1.6-V6.5-SELECTIVE_PRECISION.json,INVALID_RELATION_TARGET_TYPE,a_pour_label_nosologique,R_V69K_00049,P3_E056,DONNEE_PATIENT,DONNEE_PATIENT,P3_E040,FOYER_INFECTIEUX,LABEL_NOSOLOGIQUE,mauvais type cible
img20250709_16510509_trace_sepsis_V1.6-V6.5-SELECTIVE_PRECISION.json,ORPHAN_RELATION_TARGET,traitement_a_pour_posologie,R_V69K_00080,P4_E025,TRAITEMENT,TRAITEMENT,P4_E026,,POSOLOGIE,cible absente
img20250709_16531341_trace_sepsis_V1.6-V6.5-SELECTIVE_PRECISION.json,INVALID_RELATION_TARGET_TYPE,biomarqueur_supporte_defaillance_organe,R_V69K_00085,P4_E030,BIOMARQUEUR,BIOMARQUEUR,P4_E029,SYMPTOME,DEFAILLANCE_ORGANE,mauvais type cible
img20250709_16531341_trace_sepsis_V1.6-V6.5-SELECTIVE_PRECISION.json,INVALID_RELATION_TARGET_TYPE,presente_dysfonction_organe,R_V69K_00089,P4_E043,DONNEE_PATIENT,DONNEE_PATIENT,P4_E029,SYMPTOME,DEFAILLANCE_ORGANE,mauvais type cible
img20250709_16531341_trace_sepsis_V1.6-V6.5-SELECTIVE_PRECISION.json,INVALID_RELATION_TARGET_TYPE,presente_dysfonction_organe,R_V69K_00118,P5_E017,DONNEE_PATIENT,DONNEE_PATIENT,P5_E014,LABEL_NOSOLOGIQUE,DEFAILLANCE_ORGANE,mauvais type cible
img20250709_16545673_trace_sepsis_V1.6-V6.5-SELECTIVE_PRECISION.json,INVALID_RELATION_TARGET_TYPE,a_pour_label_nosologique,R_V69K_00034,P3_E035,DONNEE_PATIENT,DONNEE_PATIENT,P3_E020,FOYER_INFECTIEUX,LABEL_NOSOLOGIQUE,mauvais type cible
img20250709_16573733_trace_sepsis_V1.6-V6.5-SELECTIVE_PRECISION.json,ORPHAN_RELATION_SOURCE,traitement_administre_a,R_V69K_00039,P4_E034,,TRAITEMENT,P4_E038,DONNEE_PATIENT,DONNEE_PATIENT,source absente
img20250709_16583921_trace_sepsis_V1.6-V6.5-SELECTIVE_PRECISION.json,INVALID_RELATION_TARGET_TYPE,presente_symptome,R_V69K_00027,P4_E030,DONNEE_PATIENT,DONNEE_PATIENT,P4_E023,DEFAILLANCE_ORGANE,SYMPTOME,mauvais type cible
img20250709_16583921_trace_sepsis_V1.6-V6.5-SELECTIVE_PRECISION.json,INVALID_RELATION_TARGET_TYPE,presente_dysfonction_organe,R_V69K_00028,P4_E030,DONNEE_PATIENT,DONNEE_PATIENT,P4_E024,SYMPTOME,DEFAILLANCE_ORGANE,mauvais type cible
img20250709_16583921_trace_sepsis_V1.6-V6.5-SELECTIVE_PRECISION.json,INVALID_RELATION_TARGET_TYPE,presente_dysfonction_organe,R_V69K_00043,P5_E058,DONNEE_PATIENT,DONNEE_PATIENT,P5_E022,LABEL_NOSOLOGIQUE,DEFAILLANCE_ORGANE,mauvais type cible
img20250709_17005010_trace_sepsis_V1.6-V6.5-SELECTIVE_PRECISION.json,INVALID_RELATION_TARGET_TYPE,a_pour_label_nosologique,R_V69K_00062,P4_E030,DONNEE_PATIENT,DONNEE_PATIENT,P4_E006,FOYER_INFECTIEUX,LABEL_NOSOLOGIQUE,mauvais type cible
