document,type,entity_id,entity_type,entity_text,relation_id,relation_type,source_id,target_id,actual_type,expected_type,page,details
img20250709_16142502_trace_sepsis_V1.6-V6.5-SELECTIVE_PRECISION.json,DUPLICATE_ENTITY_CONTENT,"P1_E014,P5_E025",DONNEE_PATIENT,Patient | patient,,,,,,,,Même type + même contenu avec plusieurs IDs
img20250709_16142502_trace_sepsis_V1.6-V6.5-SELECTIVE_PRECISION.json,DUPLICATE_ENTITY_CONTENT,"P1_E016,P2_E017",SERVICE_MEDICAL,réanimation,,,,,,,,Même type + même contenu avec plusieurs IDs
img20250709_16142502_trace_sepsis_V1.6-V6.5-SELECTIVE_PRECISION.json,DUPLICATE_ENTITY_CONTENT,"P1_E020,P2_E051,P5_E031",LABEL_NOSOLOGIQUE,hyponatrémie,,,,,,,,Même type + même contenu avec plusieurs IDs
img20250709_16142502_trace_sepsis_V1.6-V6.5-SELECTIVE_PRECISION.json,DUPLICATE_ENTITY_CONTENT,"P1_E025,P5_E035",COMORBIDITE_ANTECEDENT,hypertension portale | hypertension_portale,,,,,,,,Même type + même contenu avec plusieurs IDs
img20250709_16142502_trace_sepsis_V1.6-V6.5-SELECTIVE_PRECISION.json,DUPLICATE_ENTITY_CONTENT,"P2_E007,P5_E023",LABEL_NOSOLOGIQUE,SIADH,,,,,,,,Même type + même contenu avec plusieurs IDs
img20250709_16142502_trace_sepsis_V1.6-V6.5-SELECTIVE_PRECISION.json,DUPLICATE_ENTITY_CONTENT,"P2_E015,P6_E004",TRAITEMENT,Amiklin | antibiotique,,,,,,,,Même type + même contenu avec plusieurs IDs
img20250709_16142502_trace_sepsis_V1.6-V6.5-SELECTIVE_PRECISION.json,DUPLICATE_ENTITY_CONTENT,"P2_E052,P4_E039",LABEL_NOSOLOGIQUE,sepsis,,,,,,,,Même type + même contenu avec plusieurs IDs
img20250709_16142502_trace_sepsis_V1.6-V6.5-SELECTIVE_PRECISION.json,DUPLICATE_ENTITY_CONTENT,"P3_E028,P6_E035",DONNEE_PATIENT,patient,,,,,,,,Même type + même contenu avec plusieurs IDs
img20250709_16142502_trace_sepsis_V1.6-V6.5-SELECTIVE_PRECISION.json,DUPLICATE_ENTITY_CONTENT,"P3_E039,P4_E043",EVENEMENT_TEMPOREL,22/05/15 16h43 | date_clinique,,,,,,,,Même type + même contenu avec plusieurs IDs
img20250709_16142502_trace_sepsis_V1.6-V6.5-SELECTIVE_PRECISION.json,DUPLICATE_ENTITY_CONTENT,"P4_E038,P6_E001",LABEL_NOSOLOGIQUE,choc septique | choc_septique,,,,,,,,Même type + même contenu avec plusieurs IDs
img20250709_16142502_trace_sepsis_V1.6-V6.5-SELECTIVE_PRECISION.json,DUPLICATE_ENTITY_CONTENT,"P5_E032,P6_E045",LABEL_NOSOLOGIQUE,AVC | avc,,,,,,,,Même type + même contenu avec plusieurs IDs
img20250709_16154161_trace_sepsis_V1.6-V6.5-SELECTIVE_PRECISION.json,DUPLICATE_ENTITY_CONTENT,"P1_E002,P5_E008",COMORBIDITE_ANTECEDENT,insuffisance respiratoire chronique | insuffisance_respiratoire_chronique,,,,,,,,Même type + même contenu avec plusieurs IDs
img20250709_16154161_trace_sepsis_V1.6-V6.5-SELECTIVE_PRECISION.json,DUPLICATE_ENTITY_CONTENT,"P1_E004,P2_E052",SYMPTOME,encombrement,,,,,,,,Même type + même contenu avec plusieurs IDs
img20250709_16154161_trace_sepsis_V1.6-V6.5-SELECTIVE_PRECISION.json,DUPLICATE_ENTITY_CONTENT,"P1_E012,P6_E023",SERVICE_MEDICAL,réanimation,,,,,,,,Même type + même contenu avec plusieurs IDs
img20250709_16154161_trace_sepsis_V1.6-V6.5-SELECTIVE_PRECISION.json,DUPLICATE_ENTITY_CONTENT,"P1_E013,P6_E024",DEFAILLANCE_ORGANE,Détresse respiratoire | respiratoire,,,,,,,,Même type + même contenu avec plusieurs IDs
img20250709_16154161_trace_sepsis_V1.6-V6.5-SELECTIVE_PRECISION.json,DUPLICATE_ENTITY_CONTENT,"P3_E030,P4_E044,P5_E024,P6_E033",DONNEE_PATIENT,patient,,,,,,,,Même type + même contenu avec plusieurs IDs
img20250709_16154161_trace_sepsis_V1.6-V6.5-SELECTIVE_PRECISION.json,DUPLICATE_ENTITY_CONTENT,"P5_E014,P6_E027",TRAITEMENT,ventilation mécanique | ventilation_mecanique,,,,,,,,Même type + même contenu avec plusieurs IDs
img20250709_16154161_trace_sepsis_V1.6-V6.5-SELECTIVE_PRECISION.json,INVALID_RELATION_TARGET_TYPE,P2_E029,DONNEE_PATIENT,extrémités chaudes | extremites_froides,R_V69K_00107,presente_symptome,P2_E038,P2_E029,DONNEE_PATIENT,SYMPTOME,,Le type cible ne respecte pas l'image TRACE
img20250709_16154161_trace_sepsis_V1.6-V6.5-SELECTIVE_PRECISION.json,INVALID_RELATION_TARGET_TYPE,P2_E050,DONNEE_PATIENT,souffle perçus | souffle_perçus,R_V69K_00108,presente_symptome,P2_E038,P2_E050,DONNEE_PATIENT,SYMPTOME,,Le type cible ne respecte pas l'image TRACE
img20250709_16164845_trace_sepsis_V1.6-V6.5-SELECTIVE_PRECISION.json,DUPLICATE_ENTITY_CONTENT,"P1_E001,P5_E007",COMORBIDITE_ANTECEDENT,myopathie de Steinert | autre,,,,,,,,Même type + même contenu avec plusieurs IDs
img20250709_16164845_trace_sepsis_V1.6-V6.5-SELECTIVE_PRECISION.json,DUPLICATE_ENTITY_CONTENT,"P1_E002,P5_E008",COMORBIDITE_ANTECEDENT,insuffisance respiratoire chronique | insuffisance_respiratoire_chronique,,,,,,,,Même type + même contenu avec plusieurs IDs
img20250709_16164845_trace_sepsis_V1.6-V6.5-SELECTIVE_PRECISION.json,DUPLICATE_ENTITY_CONTENT,"P1_E014,P6_E020",SERVICE_MEDICAL,réanimation,,,,,,,,Même type + même contenu avec plusieurs IDs
img20250709_16164845_trace_sepsis_V1.6-V6.5-SELECTIVE_PRECISION.json,DUPLICATE_ENTITY_CONTENT,"P1_E015,P6_E029",DEFAILLANCE_ORGANE,Détresse respiratoire | respiratoire,,,,,,,,Même type + même contenu avec plusieurs IDs
img20250709_16164845_trace_sepsis_V1.6-V6.5-SELECTIVE_PRECISION.json,DUPLICATE_ENTITY_CONTENT,"P2_E042,P6_E042",LABEL_NOSOLOGIQUE,syndrome inflammatoire | syndrome_inflammatoire,,,,,,,,Même type + même contenu avec plusieurs IDs
img20250709_16164845_trace_sepsis_V1.6-V6.5-SELECTIVE_PRECISION.json,DUPLICATE_ENTITY_CONTENT,"P3_E025,P4_E045,P5_E024,P6_E034",DONNEE_PATIENT,patient,,,,,,,,Même type + même contenu avec plusieurs IDs
img20250709_16164845_trace_sepsis_V1.6-V6.5-SELECTIVE_PRECISION.json,DUPLICATE_ENTITY_CONTENT,"P5_E017,P6_E024",TRAITEMENT,ventilation mécanique | ventilation_mecanique,,,,,,,,Même type + même contenu avec plusieurs IDs
img20250709_16164845_trace_sepsis_V1.6-V6.5-SELECTIVE_PRECISION.json,DUPLICATE_ENTITY_CONTENT,"P5_E023,P6_E027",SYMPTOME,trouble de la déglutition | trouble_deglutition,,,,,,,,Même type + même contenu avec plusieurs IDs
img20250709_16164845_trace_sepsis_V1.6-V6.5-SELECTIVE_PRECISION.json,DUPLICATE_ENTITY_CONTENT,"P5_E035,P6_E023",LABEL_NOSOLOGIQUE,flutter,,,,,,,,Même type + même contenu avec plusieurs IDs
img20250709_16183704_trace_sepsis_V1.6-V6.5-SELECTIVE_PRECISION.json,DUPLICATE_ENTITY_CONTENT,"P1_E002,P5_E001",COMORBIDITE_ANTECEDENT,myopathie de Steinert | autre,,,,,,,,Même type + même contenu avec plusieurs IDs
img20250709_16183704_trace_sepsis_V1.6-V6.5-SELECTIVE_PRECISION.json,DUPLICATE_ENTITY_CONTENT,"P1_E013,P3_E002,P5_E003",SYMPTOME,encombrement,,,,,,,,Même type + même contenu avec plusieurs IDs
img20250709_16183704_trace_sepsis_V1.6-V6.5-SELECTIVE_PRECISION.json,DUPLICATE_ENTITY_CONTENT,"P1_E015,P4_E033,P5_E034",DONNEE_PATIENT,Patient | patient,,,,,,,,Même type + même contenu avec plusieurs IDs
img20250709_16183704_trace_sepsis_V1.6-V6.5-SELECTIVE_PRECISION.json,DUPLICATE_ENTITY_CONTENT,"P1_E016,P2_E048",SERVICE_MEDICAL,réanimation,,,,,,,,Même type + même contenu avec plusieurs IDs
img20250709_16183704_trace_sepsis_V1.6-V6.5-SELECTIVE_PRECISION.json,DUPLICATE_ENTITY_CONTENT,"P2_E055,P3_E031",TRAITEMENT,attelle,,,,,,,,Même type + même contenu avec plusieurs IDs
img20250709_16183704_trace_sepsis_V1.6-V6.5-SELECTIVE_PRECISION.json,DUPLICATE_ENTITY_CONTENT,"P2_E060,P5_E046",SYMPTOME,chute,,,,,,,,Même type + même contenu avec plusieurs IDs
img20250709_16183704_trace_sepsis_V1.6-V6.5-SELECTIVE_PRECISION.json,DUPLICATE_ENTITY_CONTENT,"P2_E062,P5_E048",COMORBIDITE_ANTECEDENT,fracture du péroné | fracture_du_péroné,,,,,,,,Même type + même contenu avec plusieurs IDs
img20250709_16183704_trace_sepsis_V1.6-V6.5-SELECTIVE_PRECISION.json,INVALID_RELATION_TARGET_TYPE,P5_E014,SIGNE_VITAL,oxygénodépendant | SpO2,R_V69K_00093,presente_symptome,P5_E033,P5_E014,SIGNE_VITAL,SYMPTOME,,Le type cible ne respecte pas l'image TRACE
img20250709_16190789_trace_sepsis_V1.6-V6.5-SELECTIVE_PRECISION.json,DUPLICATE_ENTITY_CONTENT,"P1_E014,P6_E037",DONNEE_PATIENT,69 ans | 69 | age,,,,,,,,Même type + même contenu avec plusieurs IDs
img20250709_16190789_trace_sepsis_V1.6-V6.5-SELECTIVE_PRECISION.json,DUPLICATE_ENTITY_CONTENT,"P1_E015,P3_E029",DONNEE_PATIENT,Patient | patient,,,,,,,,Même type + même contenu avec plusieurs IDs
img20250709_16190789_trace_sepsis_V1.6-V6.5-SELECTIVE_PRECISION.json,DUPLICATE_ENTITY_CONTENT,"P1_E016,P4_E042,P5_E045,P6_E039",SERVICE_MEDICAL,réanimation,,,,,,,,Même type + même contenu avec plusieurs IDs
img20250709_16190789_trace_sepsis_V1.6-V6.5-SELECTIVE_PRECISION.json,DUPLICATE_ENTITY_CONTENT,"P1_E020,P4_E047,P6_E044",COMORBIDITE_ANTECEDENT,adénocarcinome,,,,,,,,Même type + même contenu avec plusieurs IDs
img20250709_16190789_trace_sepsis_V1.6-V6.5-SELECTIVE_PRECISION.json,DUPLICATE_ENTITY_CONTENT,"P2_E011,P5_E035",SYMPTOME,hypoesthésie | hypoesthesie,,,,,,,,Même type + même contenu avec plusieurs IDs
img20250709_16190789_trace_sepsis_V1.6-V6.5-SELECTIVE_PRECISION.json,DUPLICATE_ENTITY_CONTENT,"P2_E034,P6_E038",DONNEE_PATIENT,Le patient | patient,,,,,,,,Même type + même contenu avec plusieurs IDs
img20250709_16190789_trace_sepsis_V1.6-V6.5-SELECTIVE_PRECISION.json,DUPLICATE_ENTITY_CONTENT,"P4_E040,P5_E021",POSOLOGIE,pour une durée totale de 7 jours | durée totale de 7 jours | 7 | duree_traitement,,,,,,,,Même type + même contenu avec plusieurs IDs
img20250709_16190789_trace_sepsis_V1.6-V6.5-SELECTIVE_PRECISION.json,INVALID_RELATION_TARGET_TYPE,P5_E003,DEFAILLANCE_ORGANE,déficit sensitivomoteur complet des 4 membres | deficit_sensitivo_moteur,R_V69K_00103,presente_symptome,P2_E034,P5_E003,DEFAILLANCE_ORGANE,SYMPTOME,,Le type cible ne respecte pas l'image TRACE
img20250709_16193836_trace_sepsis_V1.6-V6.5-SELECTIVE_PRECISION.json,DUPLICATE_ENTITY_CONTENT,"P1_E022,P2_E045",DONNEE_PATIENT,84 ans | 84 | age,,,,,,,,Même type + même contenu avec plusieurs IDs
img20250709_16193836_trace_sepsis_V1.6-V6.5-SELECTIVE_PRECISION.json,DUPLICATE_ENTITY_CONTENT,"P1_E023,P2_E046,P4_E039",DONNEE_PATIENT,Patient | patient,,,,,,,,Même type + même contenu avec plusieurs IDs
img20250709_16193836_trace_sepsis_V1.6-V6.5-SELECTIVE_PRECISION.json,DUPLICATE_ENTITY_CONTENT,"P2_E022,P5_E002",LABEL_NOSOLOGIQUE,ACFA,,,,,,,,Même type + même contenu avec plusieurs IDs
img20250709_16193836_trace_sepsis_V1.6-V6.5-SELECTIVE_PRECISION.json,DUPLICATE_ENTITY_CONTENT,"P2_E033,P5_E043",IMAGERIE_PROCEDURE,hémoculture | hemoculture,,,,,,,,Même type + même contenu avec plusieurs IDs
img20250709_16193836_trace_sepsis_V1.6-V6.5-SELECTIVE_PRECISION.json,DUPLICATE_ENTITY_CONTENT,"P2_E057,P5_E052",IMAGERIE_PROCEDURE,coronarographie,,,,,,,,Même type + même contenu avec plusieurs IDs
img20250709_16193836_trace_sepsis_V1.6-V6.5-SELECTIVE_PRECISION.json,DUPLICATE_ENTITY_CONTENT,"P5_E004,P6_E001",LABEL_NOSOLOGIQUE,choc septique | choc_septique,,,,,,,,Même type + même contenu avec plusieurs IDs
img20250709_16193836_trace_sepsis_V1.6-V6.5-SELECTIVE_PRECISION.json,DUPLICATE_ENTITY_CONTENT,"P5_E005,P6_E002",FOYER_INFECTIEUX,point de départ urinaire,,,,,,,,Même type + même contenu avec plusieurs IDs
img20250709_16193836_trace_sepsis_V1.6-V6.5-SELECTIVE_PRECISION.json,INVALID_RELATION_TARGET_TYPE,P2_E044,DEFAILLANCE_ORGANE,ralentissement psychomoteur | autre,R_V69K_00030,presente_symptome,P2_E046,P2_E044,DEFAILLANCE_ORGANE,SYMPTOME,2,Le type cible ne respecte pas l'image TRACE
img20250709_16201504_trace_sepsis_V1.6-V6.5-SELECTIVE_PRECISION.json,DUPLICATE_ENTITY_CONTENT,"P1_E017,P6_E038",SERVICE_MEDICAL,réanimation,,,,,,,,Même type + même contenu avec plusieurs IDs
img20250709_16201504_trace_sepsis_V1.6-V6.5-SELECTIVE_PRECISION.json,DUPLICATE_ENTITY_CONTENT,"P1_E020,P7_E052",FOYER_INFECTIEUX,pneumopathie,,,,,,,,Même type + même contenu avec plusieurs IDs
img20250709_16201504_trace_sepsis_V1.6-V6.5-SELECTIVE_PRECISION.json,DUPLICATE_ENTITY_CONTENT,"P2_E050,P5_E011,P6_E031",DEFAILLANCE_ORGANE,détresse respiratoire aiguë | respiratoire,,,,,,,,Même type + même contenu avec plusieurs IDs
img20250709_16201504_trace_sepsis_V1.6-V6.5-SELECTIVE_PRECISION.json,DUPLICATE_ENTITY_CONTENT,"P2_E071,P5_E031,P6_E041",DEFAILLANCE_ORGANE,détresse respiratoire | détresse_respiratoire,,,,,,,,Même type + même contenu avec plusieurs IDs
img20250709_16201504_trace_sepsis_V1.6-V6.5-SELECTIVE_PRECISION.json,DUPLICATE_ENTITY_CONTENT,"P5_E025,P7_E047",DONNEE_PATIENT,patient,,,,,,,,Même type + même contenu avec plusieurs IDs
img20250709_16201504_trace_sepsis_V1.6-V6.5-SELECTIVE_PRECISION.json,INVALID_RELATION_TARGET_TYPE,P2_E016,SIGNE_VITAL,fébrile à 40° | 40 | temperature_corporelle,R_V69K_00138,presente_symptome,P1_E016,P2_E016,SIGNE_VITAL,SYMPTOME,,Le type cible ne respecte pas l'image TRACE
img20250709_16205810_trace_sepsis_V1.6-V6.5-SELECTIVE_PRECISION.json,DUPLICATE_ENTITY_CONTENT,"P1_E028,P2_E041",DONNEE_PATIENT,Patient | patient,,,,,,,,Même type + même contenu avec plusieurs IDs
img20250709_16205810_trace_sepsis_V1.6-V6.5-SELECTIVE_PRECISION.json,DUPLICATE_ENTITY_CONTENT,"P1_E033,P5_E020",FOYER_INFECTIEUX,Pneumopathie | pneumopathie,,,,,,,,Même type + même contenu avec plusieurs IDs
img20250709_16205810_trace_sepsis_V1.6-V6.5-SELECTIVE_PRECISION.json,DUPLICATE_ENTITY_CONTENT,"P2_E017,P5_E016",SERVICE_MEDICAL,réanimation,,,,,,,,Même type + même contenu avec plusieurs IDs
img20250709_16205810_trace_sepsis_V1.6-V6.5-SELECTIVE_PRECISION.json,DUPLICATE_ENTITY_CONTENT,"P2_E045,P4_E050",IMAGERIE_PROCEDURE,ECG | ecg,,,,,,,,Même type + même contenu avec plusieurs IDs
img20250709_16205810_trace_sepsis_V1.6-V6.5-SELECTIVE_PRECISION.json,DUPLICATE_ENTITY_CONTENT,"P2_E046,P3_E031",TRAITEMENT,O2 | o2,,,,,,,,Même type + même contenu avec plusieurs IDs
img20250709_16205810_trace_sepsis_V1.6-V6.5-SELECTIVE_PRECISION.json,DUPLICATE_ENTITY_CONTENT,"P4_E024,P5_E003",DEFAILLANCE_ORGANE,SDRA | respiratoire,,,,,,,,Même type + même contenu avec plusieurs IDs
img20250709_16205810_trace_sepsis_V1.6-V6.5-SELECTIVE_PRECISION.json,INVALID_RELATION_TARGET_TYPE,P5_E004,LABEL_NOSOLOGIQUE,ACR,R_V69K_00073,presente_dysfonction_organe,P5_E015,P5_E004,LABEL_NOSOLOGIQUE,DEFAILLANCE_ORGANE,5,Le type cible ne respecte pas l'image TRACE
img20250709_16205810_trace_sepsis_V1.6-V6.5-SELECTIVE_PRECISION.json,INVALID_RELATION_TARGET_TYPE,P2_E034,SIGNE_VITAL,tachycardie sinusale | frequence_cardiaque,R_V69K_00078,presente_symptome,P1_E028,P2_E034,SIGNE_VITAL,SYMPTOME,,Le type cible ne respecte pas l'image TRACE
img20250709_16205810_trace_sepsis_V1.6-V6.5-SELECTIVE_PRECISION.json,INVALID_RELATION_TARGET_TYPE,P4_E048,LABEL_NOSOLOGIQUE,lacunes anciennes,R_V69K_00079,imagerie_objective_comorbidite,P4_E034,P4_E048,LABEL_NOSOLOGIQUE,COMORBIDITE_ANTECEDENT,,Le type cible ne respecte pas l'image TRACE
img20250709_16205810_trace_sepsis_V1.6-V6.5-SELECTIVE_PRECISION.json,INVALID_RELATION_TARGET_TYPE,P5_E008,SIGNE_VITAL,bradycardie sinusale | frequence_cardiaque,R_V69K_00081,presente_symptome,P4_E049,P5_E008,SIGNE_VITAL,SYMPTOME,,Le type cible ne respecte pas l'image TRACE
img20250709_16223922_trace_sepsis_V1.6-V6.5-SELECTIVE_PRECISION.json,DUPLICATE_ENTITY_CONTENT,"P1_E016,P5_E010,P6_E001",LABEL_NOSOLOGIQUE,Choc septique | choc_septique,,,,,,,,Même type + même contenu avec plusieurs IDs
img20250709_16223922_trace_sepsis_V1.6-V6.5-SELECTIVE_PRECISION.json,DUPLICATE_ENTITY_CONTENT,"P2_E023,P5_V66_E002",TRAITEMENT,VNI,,,,,,,,Même type + même contenu avec plusieurs IDs
img20250709_16223922_trace_sepsis_V1.6-V6.5-SELECTIVE_PRECISION.json,DUPLICATE_ENTITY_CONTENT,"P2_E061,P6_E029",DONNEE_PATIENT,la patiente | patient,,,,,,,,Même type + même contenu avec plusieurs IDs
img20250709_16223922_trace_sepsis_V1.6-V6.5-SELECTIVE_PRECISION.json,DUPLICATE_ENTITY_CONTENT,"P2_E067,P6_E032",LABEL_NOSOLOGIQUE,syndrome inflammatoire | syndrome_inflammatoire,,,,,,,,Même type + même contenu avec plusieurs IDs
img20250709_16223922_trace_sepsis_V1.6-V6.5-SELECTIVE_PRECISION.json,DUPLICATE_ENTITY_CONTENT,"P3_E032,P5_E036",TRAITEMENT,intubation,,,,,,,,Même type + même contenu avec plusieurs IDs
img20250709_16223922_trace_sepsis_V1.6-V6.5-SELECTIVE_PRECISION.json,INVALID_RELATION_TARGET_TYPE,P2_E007,SIGNE_VITAL,fébrile à 38.5° | 38.5 | temperature_corporelle,R_V69K_00080,presente_symptome,P2_E061,P2_E007,SIGNE_VITAL,SYMPTOME,,Le type cible ne respecte pas l'image TRACE
img20250709_16223922_trace_sepsis_V1.6-V6.5-SELECTIVE_PRECISION.json,INVALID_RELATION_TARGET_TYPE,P2_E052,SYMPTOME,rétrécissement aortique lâche,R_V69K_00088,imagerie_objective_comorbidite,P2_E017,P2_E052,SYMPTOME,COMORBIDITE_ANTECEDENT,,Le type cible ne respecte pas l'image TRACE
img20250709_16223922_trace_sepsis_V1.6-V6.5-SELECTIVE_PRECISION.json,INVALID_RELATION_TARGET_TYPE,P5_E031,BIOMARQUEUR,"Troubles de la repolarisation avec sous-décalage du segment ST, en inféro-latéral | troponine",R_V69K_00089,presente_symptome,P5_E033,P5_E031,BIOMARQUEUR,SYMPTOME,,Le type cible ne respecte pas l'image TRACE
img20250709_16225557_trace_sepsis_V1.6-V6.5-SELECTIVE_PRECISION.json,DUPLICATE_ENTITY_CONTENT,"P1_E020,P3_E037",DONNEE_PATIENT,Patient | patient,,,,,,,,Même type + même contenu avec plusieurs IDs
img20250709_16233563_trace_sepsis_V1.6-V6.5-SELECTIVE_PRECISION.json,DUPLICATE_ENTITY_CONTENT,"P1_E010,P2_E024",SYMPTOME,confusion,,,,,,,,Même type + même contenu avec plusieurs IDs
img20250709_16233563_trace_sepsis_V1.6-V6.5-SELECTIVE_PRECISION.json,DUPLICATE_ENTITY_CONTENT,"P2_E025,P4_E016",SYMPTOME,agitation,,,,,,,,Même type + même contenu avec plusieurs IDs
img20250709_16233563_trace_sepsis_V1.6-V6.5-SELECTIVE_PRECISION.json,DUPLICATE_ENTITY_CONTENT,"P2_E045,P5_E037",DONNEE_PATIENT,Le patient | patient,,,,,,,,Même type + même contenu avec plusieurs IDs
img20250709_16254831_trace_sepsis_V1.6-V6.5-SELECTIVE_PRECISION.json,DUPLICATE_ENTITY_CONTENT,"P1_E030,P5_E032",DONNEE_PATIENT,51 ans | 51 | age,,,,,,,,Même type + même contenu avec plusieurs IDs
img20250709_16254831_trace_sepsis_V1.6-V6.5-SELECTIVE_PRECISION.json,DUPLICATE_ENTITY_CONTENT,"P2_E001,P5_E014",TRAITEMENT,Lovenox | anticoagulant,,,,,,,,Même type + même contenu avec plusieurs IDs
img20250709_16254831_trace_sepsis_V1.6-V6.5-SELECTIVE_PRECISION.json,DUPLICATE_ENTITY_CONTENT,"P2_E056,P4_E032",IMAGERIE_PROCEDURE,ECG | ecg,,,,,,,,Même type + même contenu avec plusieurs IDs
img20250709_16270030_trace_sepsis_V1.6-V6.5-SELECTIVE_PRECISION.json,DUPLICATE_ENTITY_CONTENT,"P1_E002,P6_E002",FOYER_INFECTIEUX,point de départ pulmonaire,,,,,,,,Même type + même contenu avec plusieurs IDs
img20250709_16270030_trace_sepsis_V1.6-V6.5-SELECTIVE_PRECISION.json,DUPLICATE_ENTITY_CONTENT,"P1_E015,P3_E034",DONNEE_PATIENT,Patient | patient,,,,,,,,Même type + même contenu avec plusieurs IDs
img20250709_16270030_trace_sepsis_V1.6-V6.5-SELECTIVE_PRECISION.json,DUPLICATE_ENTITY_CONTENT,"P5_E029,P6_E007",DONNEE_PATIENT,patient,,,,,,,,Même type + même contenu avec plusieurs IDs
img20250709_16270030_trace_sepsis_V1.6-V6.5-SELECTIVE_PRECISION.json,INVALID_RELATION_TARGET_TYPE,P2_E022,SIGNE_VITAL,polypnée à 35 cycles/min | 35 | polypnee,R_V69K_00012,presente_symptome,P2_E054,P2_E022,SIGNE_VITAL,SYMPTOME,2,Le type cible ne respecte pas l'image TRACE
img20250709_16270030_trace_sepsis_V1.6-V6.5-SELECTIVE_PRECISION.json,INVALID_RELATION_TARGET_TYPE,P2_E026,TRAITEMENT,2L de voluven | volume,R_V69K_00036,traitement_a_pour_posologie,P2_E005,P2_E026,TRAITEMENT,POSOLOGIE,2,Le type cible ne respecte pas l'image TRACE
img20250709_16270030_trace_sepsis_V1.6-V6.5-SELECTIVE_PRECISION.json,INVALID_RELATION_TARGET_TYPE,P2_E036,TRAITEMENT,oxygénodépendant | oxygenotherapie,R_V69K_00089,presente_symptome,P2_E054,P2_E036,TRAITEMENT,SYMPTOME,,Le type cible ne respecte pas l'image TRACE
img20250709_16271908_trace_sepsis_V1.6-V6.5-SELECTIVE_PRECISION.json,DUPLICATE_ENTITY_CONTENT,"P1_E017,P3_E037",DONNEE_PATIENT,Patient | patient,,,,,,,,Même type + même contenu avec plusieurs IDs
img20250709_16271908_trace_sepsis_V1.6-V6.5-SELECTIVE_PRECISION.json,DUPLICATE_ENTITY_CONTENT,"P2_E034,P5_E038",DONNEE_PATIENT,patient,,,,,,,,Même type + même contenu avec plusieurs IDs
img20250709_16273897_trace_sepsis_V1.6-V6.5-SELECTIVE_PRECISION.json,DUPLICATE_ENTITY_CONTENT,"P1_E001,P4_E023",LABEL_NOSOLOGIQUE,Sepsis sévère | sepsis_severe,,,,,,,,Même type + même contenu avec plusieurs IDs
img20250709_16273897_trace_sepsis_V1.6-V6.5-SELECTIVE_PRECISION.json,DUPLICATE_ENTITY_CONTENT,"P1_E034,P4_E051",LABEL_NOSOLOGIQUE,Sepsis | sepsis,,,,,,,,Même type + même contenu avec plusieurs IDs
img20250709_16273897_trace_sepsis_V1.6-V6.5-SELECTIVE_PRECISION.json,DUPLICATE_ENTITY_CONTENT,"P2_E062,P3_E034",TRAITEMENT,O2 | o2,,,,,,,,Même type + même contenu avec plusieurs IDs
img20250709_16273897_trace_sepsis_V1.6-V6.5-SELECTIVE_PRECISION.json,DUPLICATE_ENTITY_CONTENT,"P4_E050,P5_E023",DEFAILLANCE_ORGANE,SDRA | respiratoire,,,,,,,,Même type + même contenu avec plusieurs IDs
img20250709_16281006_trace_sepsis_V1.6-V6.5-SELECTIVE_PRECISION.json,DUPLICATE_ENTITY_CONTENT,"P1_E010,P6_E006",TRAITEMENT,Inexium | autre,,,,,,,,Même type + même contenu avec plusieurs IDs
img20250709_16281006_trace_sepsis_V1.6-V6.5-SELECTIVE_PRECISION.json,DUPLICATE_ENTITY_CONTENT,"P1_E017,P5_E054",DONNEE_PATIENT,42 ans | 42 | age,,,,,,,,Même type + même contenu avec plusieurs IDs
img20250709_16281006_trace_sepsis_V1.6-V6.5-SELECTIVE_PRECISION.json,DUPLICATE_ENTITY_CONTENT,"P1_E023,P2_E053",LABEL_NOSOLOGIQUE,Acidose métabolique | metabolique,,,,,,,,Même type + même contenu avec plusieurs IDs
img20250709_16281006_trace_sepsis_V1.6-V6.5-SELECTIVE_PRECISION.json,INVALID_RELATION_TARGET_TYPE,P5_E044,BIOMARQUEUR,thrombopénie | plaquettes,R_V69K_00045,presente_symptome,P5_E055,P5_E044,BIOMARQUEUR,SYMPTOME,5,Le type cible ne respecte pas l'image TRACE
img20250709_16281006_trace_sepsis_V1.6-V6.5-SELECTIVE_PRECISION.json,INVALID_RELATION_SOURCE_TYPE,P6_E002,LABEL_NOSOLOGIQUE,pneumopathie nosocomiale | pneumopathie_nosocomiale,R_V69K_00091,a_pour_contexte_acquisition,P6_E002,P6_E023,LABEL_NOSOLOGIQUE,COMORBIDITE_ANTECEDENT,6,Le type source ne respecte pas le domaine TRACE
img20250709_16281006_trace_sepsis_V1.6-V6.5-SELECTIVE_PRECISION.json,INVALID_RELATION_TARGET_TYPE,P6_E001,LABEL_NOSOLOGIQUE,Pneumopathie lobaire inférieure gauche communautaire | pneumopathie_communautaire,R_V69K_00101,micro_organisme_isole_dans,P5_E029,P6_E001,LABEL_NOSOLOGIQUE,FOYER_INFECTIEUX,,Le type cible ne respecte pas l'image TRACE
img20250709_16281006_trace_sepsis_V1.6-V6.5-SELECTIVE_PRECISION.json,INVALID_RELATION_TARGET_TYPE,P6_E001,LABEL_NOSOLOGIQUE,Pneumopathie lobaire inférieure gauche communautaire | pneumopathie_communautaire,R_V69K_00102,micro_organisme_isole_dans,P5_E021,P6_E001,LABEL_NOSOLOGIQUE,FOYER_INFECTIEUX,,Le type cible ne respecte pas l'image TRACE
img20250709_16283177_trace_sepsis_V1.6-V6.5-SELECTIVE_PRECISION.json,DUPLICATE_ENTITY_CONTENT,"P1_E001,P2_E001",LABEL_NOSOLOGIQUE,sepsis sévère | sepsis_severe,,,,,,,,Même type + même contenu avec plusieurs IDs
img20250709_16283177_trace_sepsis_V1.6-V6.5-SELECTIVE_PRECISION.json,DUPLICATE_ENTITY_CONTENT,"P1_E019,P2_E054,P5_E035",DONNEE_PATIENT,Patient | patient,,,,,,,,Même type + même contenu avec plusieurs IDs
img20250709_16283177_trace_sepsis_V1.6-V6.5-SELECTIVE_PRECISION.json,DUPLICATE_ENTITY_CONTENT,"P1_E022,P2_E061",LABEL_NOSOLOGIQUE,sepsis,,,,,,,,Même type + même contenu avec plusieurs IDs
img20250709_16283177_trace_sepsis_V1.6-V6.5-SELECTIVE_PRECISION.json,DUPLICATE_ENTITY_CONTENT,"P2_E004,P5_E026",TRAITEMENT,VANCOMYCINE | antibiotique,,,,,,,,Même type + même contenu avec plusieurs IDs
img20250709_16283177_trace_sepsis_V1.6-V6.5-SELECTIVE_PRECISION.json,DUPLICATE_ENTITY_CONTENT,"P2_E040,P3_E008",SYMPTOME,légèrement confus | confusion,,,,,,,,Même type + même contenu avec plusieurs IDs
img20250709_16283177_trace_sepsis_V1.6-V6.5-SELECTIVE_PRECISION.json,DUPLICATE_ENTITY_CONTENT,"P2_E043,P5_E024",TRAITEMENT,remplissage | remplissage_vasculaire,,,,,,,,Même type + même contenu avec plusieurs IDs
img20250709_16283177_trace_sepsis_V1.6-V6.5-SELECTIVE_PRECISION.json,DUPLICATE_ENTITY_CONTENT,"P2_E062,P6_E065",COMORBIDITE_ANTECEDENT,varices oesophagiennes | varices_oesophagiennes,,,,,,,,Même type + même contenu avec plusieurs IDs
img20250709_16283177_trace_sepsis_V1.6-V6.5-SELECTIVE_PRECISION.json,DUPLICATE_ENTITY_CONTENT,"P2_E069,P6_E070",IMAGERIE_PROCEDURE,Ponction d’ascite | autre,,,,,,,,Même type + même contenu avec plusieurs IDs
img20250709_16283177_trace_sepsis_V1.6-V6.5-SELECTIVE_PRECISION.json,DUPLICATE_ENTITY_CONTENT,"P2_E070,P6_E071",MICRO_ORGANISME,SARM,,,,,,,,Même type + même contenu avec plusieurs IDs
img20250709_16283177_trace_sepsis_V1.6-V6.5-SELECTIVE_PRECISION.json,INVALID_RELATION_TARGET_TYPE,P5_E029,SYMPTOME,Cicatrice inflammatoire avec écoulement purulent | douleur_lombaire,R_V69K_00085,presente_suspicion_infection,P5_E035,P5_E029,SYMPTOME,FOYER_INFECTIEUX,5,Le type cible ne respecte pas l'image TRACE
img20250709_16283177_trace_sepsis_V1.6-V6.5-SELECTIVE_PRECISION.json,INVALID_RELATION_TARGET_TYPE,P5_E028,SYMPTOME,diminution du syndrome inflammatoire biologique | alteration_etat_general,R_V69K_00088,patient_a_pour_evolution,P5_E035,P5_E028,SYMPTOME,EVOLUTION_PRONOSTIC,5,Le type cible ne respecte pas l'image TRACE
img20250709_16283177_trace_sepsis_V1.6-V6.5-SELECTIVE_PRECISION.json,INVALID_RELATION_TARGET_TYPE,P6_E025,SIGNE_VITAL,hémorragie digestif | pression_arterielle_systolique,R_V69K_00145,presente_symptome,P1_E019,P6_E025,SIGNE_VITAL,SYMPTOME,,Le type cible ne respecte pas l'image TRACE
img20250709_16295211_trace_sepsis_V1.6-V6.5-SELECTIVE_PRECISION.json,DUPLICATE_ENTITY_CONTENT,"P1_E002,P2_E068,P7_E049",LABEL_NOSOLOGIQUE,sepsis,,,,,,,,Même type + même contenu avec plusieurs IDs
img20250709_16295211_trace_sepsis_V1.6-V6.5-SELECTIVE_PRECISION.json,DUPLICATE_ENTITY_CONTENT,"P1_E005,P2_E003",TRAITEMENT,Clamoxyl | antibiotique,,,,,,,,Même type + même contenu avec plusieurs IDs
img20250709_16295211_trace_sepsis_V1.6-V6.5-SELECTIVE_PRECISION.json,DUPLICATE_ENTITY_CONTENT,"P1_E010,P2_E002",TRAITEMENT,Dalacine | antibiotique,,,,,,,,Même type + même contenu avec plusieurs IDs
img20250709_16295211_trace_sepsis_V1.6-V6.5-SELECTIVE_PRECISION.json,DUPLICATE_ENTITY_CONTENT,"P1_E019,P8_E009",DONNEE_PATIENT,71 ans | 71 | age,,,,,,,,Même type + même contenu avec plusieurs IDs
img20250709_16295211_trace_sepsis_V1.6-V6.5-SELECTIVE_PRECISION.json,DUPLICATE_ENTITY_CONTENT,"P1_E021,P2_E063",SERVICE_MEDICAL,réanimation,,,,,,,,Même type + même contenu avec plusieurs IDs
img20250709_16295211_trace_sepsis_V1.6-V6.5-SELECTIVE_PRECISION.json,DUPLICATE_ENTITY_CONTENT,"P2_E059,P5_E047",LABEL_NOSOLOGIQUE,acidose métabolique | metabolique,,,,,,,,Même type + même contenu avec plusieurs IDs
img20250709_16295211_trace_sepsis_V1.6-V6.5-SELECTIVE_PRECISION.json,DUPLICATE_ENTITY_CONTENT,"P2_E067,P3_E040",TRAITEMENT,O2 | o2,,,,,,,,Même type + même contenu avec plusieurs IDs
img20250709_16295211_trace_sepsis_V1.6-V6.5-SELECTIVE_PRECISION.json,DUPLICATE_ENTITY_CONTENT,"P3_E037,P5_E043,P6_E035,P8_E010",DONNEE_PATIENT,patient,,,,,,,,Même type + même contenu avec plusieurs IDs
img20250709_16295211_trace_sepsis_V1.6-V6.5-SELECTIVE_PRECISION.json,DUPLICATE_ENTITY_CONTENT,"P5_E046,P6_E040",IMAGERIE_PROCEDURE,PDP | pdp,,,,,,,,Même type + même contenu avec plusieurs IDs
img20250709_16295211_trace_sepsis_V1.6-V6.5-SELECTIVE_PRECISION.json,DUPLICATE_ENTITY_CONTENT,"P5_E049,P7_E048,P8_E012",LABEL_NOSOLOGIQUE,choc septique | choc_septique,,,,,,,,Même type + même contenu avec plusieurs IDs
img20250709_16295211_trace_sepsis_V1.6-V6.5-SELECTIVE_PRECISION.json,DUPLICATE_ENTITY_CONTENT,"P6_E044,P7_E052",MICRO_ORGANISME,SARM,,,,,,,,Même type + même contenu avec plusieurs IDs
img20250709_16295211_trace_sepsis_V1.6-V6.5-SELECTIVE_PRECISION.json,DUPLICATE_ENTITY_CONTENT,"P7_E044,P8_E002",DEFAILLANCE_ORGANE,SDRA | respiratoire,,,,,,,,Même type + même contenu avec plusieurs IDs
img20250709_16295211_trace_sepsis_V1.6-V6.5-SELECTIVE_PRECISION.json,INVALID_RELATION_TARGET_TYPE,P2_E061,DEFAILLANCE_ORGANE,Mr Kokolo | age,R_V69K_00106,service_medical_accueille,P2_E011,P2_E061,DEFAILLANCE_ORGANE,DONNEE_PATIENT,,Le type cible ne respecte pas l'image TRACE
img20250709_16295211_trace_sepsis_V1.6-V6.5-SELECTIVE_PRECISION.json,INVALID_RELATION_TARGET_TYPE,P2_E061,DEFAILLANCE_ORGANE,Mr Kokolo | age,R_V69K_00107,service_medical_accueille,P1_E021,P2_E061,DEFAILLANCE_ORGANE,DONNEE_PATIENT,,Le type cible ne respecte pas l'image TRACE
img20250709_16295211_trace_sepsis_V1.6-V6.5-SELECTIVE_PRECISION.json,INVALID_RELATION_SOURCE_TYPE,P2_E061,DEFAILLANCE_ORGANE,Mr Kokolo | age,R_V69K_00113,presente_symptome,P2_E061,P2_E023,DEFAILLANCE_ORGANE,DONNEE_PATIENT,,Le type source ne respecte pas le domaine TRACE
img20250709_16295211_trace_sepsis_V1.6-V6.5-SELECTIVE_PRECISION.json,INVALID_RELATION_TARGET_TYPE,P2_E023,SIGNE_VITAL,pic fébrile à 39.4 | 39.4 | temperature_corporelle,R_V69K_00113,presente_symptome,P2_E061,P2_E023,SIGNE_VITAL,SYMPTOME,,Le type cible ne respecte pas l'image TRACE
img20250709_16295211_trace_sepsis_V1.6-V6.5-SELECTIVE_PRECISION.json,INVALID_RELATION_SOURCE_TYPE,P2_E061,DEFAILLANCE_ORGANE,Mr Kokolo | age,R_V69K_00114,a_pour_label_nosologique,P2_E061,P2_E010,DEFAILLANCE_ORGANE,DONNEE_PATIENT,,Le type source ne respecte pas le domaine TRACE
img20250709_16295211_trace_sepsis_V1.6-V6.5-SELECTIVE_PRECISION.json,INVALID_RELATION_SOURCE_TYPE,P2_E061,DEFAILLANCE_ORGANE,Mr Kokolo | age,R_V69K_00115,a_pour_label_nosologique,P2_E061,P2_E013,DEFAILLANCE_ORGANE,DONNEE_PATIENT,,Le type source ne respecte pas le domaine TRACE
img20250709_16295211_trace_sepsis_V1.6-V6.5-SELECTIVE_PRECISION.json,INVALID_RELATION_SOURCE_TYPE,P2_E061,DEFAILLANCE_ORGANE,Mr Kokolo | age,R_V69K_00116,a_pour_label_nosologique,P2_E061,P2_E055,DEFAILLANCE_ORGANE,DONNEE_PATIENT,,Le type source ne respecte pas le domaine TRACE
img20250709_16295211_trace_sepsis_V1.6-V6.5-SELECTIVE_PRECISION.json,INVALID_RELATION_SOURCE_TYPE,P2_E061,DEFAILLANCE_ORGANE,Mr Kokolo | age,R_V69K_00117,presente_dysfonction_organe,P2_E061,P2_E029,DEFAILLANCE_ORGANE,DONNEE_PATIENT,,Le type source ne respecte pas le domaine TRACE
img20250709_16295211_trace_sepsis_V1.6-V6.5-SELECTIVE_PRECISION.json,INVALID_RELATION_SOURCE_TYPE,P2_E061,DEFAILLANCE_ORGANE,Mr Kokolo | age,R_V69K_00118,presente_dysfonction_organe,P2_E061,P2_E059,DEFAILLANCE_ORGANE,DONNEE_PATIENT,,Le type source ne respecte pas le domaine TRACE
img20250709_16295211_trace_sepsis_V1.6-V6.5-SELECTIVE_PRECISION.json,INVALID_RELATION_TARGET_TYPE,P2_E059,LABEL_NOSOLOGIQUE,acidose métabolique | metabolique,R_V69K_00118,presente_dysfonction_organe,P2_E061,P2_E059,LABEL_NOSOLOGIQUE,DEFAILLANCE_ORGANE,,Le type cible ne respecte pas l'image TRACE
img20250709_16295211_trace_sepsis_V1.6-V6.5-SELECTIVE_PRECISION.json,INVALID_RELATION_SOURCE_TYPE,P2_E061,DEFAILLANCE_ORGANE,Mr Kokolo | age,R_V69K_00119,presente_dysfonction_organe,P2_E061,P2_E057,DEFAILLANCE_ORGANE,DONNEE_PATIENT,,Le type source ne respecte pas le domaine TRACE
img20250709_16295211_trace_sepsis_V1.6-V6.5-SELECTIVE_PRECISION.json,INVALID_RELATION_SOURCE_TYPE,P2_E061,DEFAILLANCE_ORGANE,Mr Kokolo | age,R_V69K_00120,presente_symptome,P2_E061,P2_E027,DEFAILLANCE_ORGANE,DONNEE_PATIENT,,Le type source ne respecte pas le domaine TRACE
img20250709_16295211_trace_sepsis_V1.6-V6.5-SELECTIVE_PRECISION.json,INVALID_RELATION_SOURCE_TYPE,P2_E061,DEFAILLANCE_ORGANE,Mr Kokolo | age,R_V69K_00121,presente_symptome,P2_E061,P2_E028,DEFAILLANCE_ORGANE,DONNEE_PATIENT,,Le type source ne respecte pas le domaine TRACE
img20250709_16295211_trace_sepsis_V1.6-V6.5-SELECTIVE_PRECISION.json,INVALID_RELATION_SOURCE_TYPE,P2_E061,DEFAILLANCE_ORGANE,Mr Kokolo | age,R_V69K_00122,presente_symptome,P2_E061,P2_E030,DEFAILLANCE_ORGANE,DONNEE_PATIENT,,Le type source ne respecte pas le domaine TRACE
img20250709_16295211_trace_sepsis_V1.6-V6.5-SELECTIVE_PRECISION.json,INVALID_RELATION_SOURCE_TYPE,P2_E061,DEFAILLANCE_ORGANE,Mr Kokolo | age,R_V69K_00123,presente_symptome,P2_E061,P2_E033,DEFAILLANCE_ORGANE,DONNEE_PATIENT,,Le type source ne respecte pas le domaine TRACE
img20250709_16295211_trace_sepsis_V1.6-V6.5-SELECTIVE_PRECISION.json,INVALID_RELATION_SOURCE_TYPE,P2_E061,DEFAILLANCE_ORGANE,Mr Kokolo | age,R_V69K_00124,presente_symptome,P2_E061,P2_E036,DEFAILLANCE_ORGANE,DONNEE_PATIENT,,Le type source ne respecte pas le domaine TRACE
img20250709_16295211_trace_sepsis_V1.6-V6.5-SELECTIVE_PRECISION.json,INVALID_RELATION_SOURCE_TYPE,P2_E061,DEFAILLANCE_ORGANE,Mr Kokolo | age,R_V69K_00125,presente_symptome,P2_E061,P2_E037,DEFAILLANCE_ORGANE,DONNEE_PATIENT,,Le type source ne respecte pas le domaine TRACE
img20250709_16295211_trace_sepsis_V1.6-V6.5-SELECTIVE_PRECISION.json,INVALID_RELATION_SOURCE_TYPE,P2_E039,DEFAILLANCE_ORGANE,GDS pH 7.22 | 7.22 | pH_arteriel,R_V69K_00128,biomarqueur_supporte_defaillance_organe,P2_E039,P2_E059,DEFAILLANCE_ORGANE,BIOMARQUEUR,,Le type source ne respecte pas le domaine TRACE
img20250709_16295211_trace_sepsis_V1.6-V6.5-SELECTIVE_PRECISION.json,INVALID_RELATION_TARGET_TYPE,P2_E059,LABEL_NOSOLOGIQUE,acidose métabolique | metabolique,R_V69K_00128,biomarqueur_supporte_defaillance_organe,P2_E039,P2_E059,LABEL_NOSOLOGIQUE,DEFAILLANCE_ORGANE,,Le type cible ne respecte pas l'image TRACE
img20250709_16295211_trace_sepsis_V1.6-V6.5-SELECTIVE_PRECISION.json,INVALID_RELATION_SOURCE_TYPE,P2_E041,DEFAILLANCE_ORGANE,bicar 12.5 | 12.5 | bicarbonates,R_V69K_00129,biomarqueur_supporte_defaillance_organe,P2_E041,P2_E059,DEFAILLANCE_ORGANE,BIOMARQUEUR,,Le type source ne respecte pas le domaine TRACE
img20250709_16295211_trace_sepsis_V1.6-V6.5-SELECTIVE_PRECISION.json,INVALID_RELATION_TARGET_TYPE,P2_E059,LABEL_NOSOLOGIQUE,acidose métabolique | metabolique,R_V69K_00129,biomarqueur_supporte_defaillance_organe,P2_E041,P2_E059,LABEL_NOSOLOGIQUE,DEFAILLANCE_ORGANE,,Le type cible ne respecte pas l'image TRACE
img20250709_16295211_trace_sepsis_V1.6-V6.5-SELECTIVE_PRECISION.json,INVALID_RELATION_SOURCE_TYPE,P7_E039,FOYER_INFECTIEUX,2 colonie d'enterobacter cloacae BLSE | enterobacter_cloacae_BLSE,R_V69K_00142,micro_organisme_isole_dans,P7_E039,P7_E034,FOYER_INFECTIEUX,MICRO_ORGANISME,,Le type source ne respecte pas le domaine TRACE
img20250709_16295211_trace_sepsis_V1.6-V6.5-SELECTIVE_PRECISION.json,INVALID_RELATION_TARGET_TYPE,P7_E034,IMAGERIE_PROCEDURE,ECBU positif à la pose de la sonde Urinaire | ECBU,R_V69K_00142,micro_organisme_isole_dans,P7_E039,P7_E034,IMAGERIE_PROCEDURE,FOYER_INFECTIEUX,,Le type cible ne respecte pas l'image TRACE
img20250709_16301193_trace_sepsis_V1.6-V6.5-SELECTIVE_PRECISION.json,DUPLICATE_ENTITY_CONTENT,"P1_E001,P5_E022",LABEL_NOSOLOGIQUE,Choc septique | choc_septique,,,,,,,,Même type + même contenu avec plusieurs IDs
img20250709_16301193_trace_sepsis_V1.6-V6.5-SELECTIVE_PRECISION.json,DUPLICATE_ENTITY_CONTENT,"P1_E023,P4_E036",LABEL_NOSOLOGIQUE,Thrombose | thrombose,,,,,,,,Même type + même contenu avec plusieurs IDs
img20250709_16301193_trace_sepsis_V1.6-V6.5-SELECTIVE_PRECISION.json,DUPLICATE_ENTITY_CONTENT,"P1_E027,P5_E057",IMAGERIE_PROCEDURE,ponction d’ascite | autre,,,,,,,,Même type + même contenu avec plusieurs IDs
img20250709_16301193_trace_sepsis_V1.6-V6.5-SELECTIVE_PRECISION.json,DUPLICATE_ENTITY_CONTENT,"P2_E016,P5_E005",BIOMARQUEUR,hématies à 850/mm3 | 850 | hematies,,,,,,,,Même type + même contenu avec plusieurs IDs
img20250709_16301193_trace_sepsis_V1.6-V6.5-SELECTIVE_PRECISION.json,DUPLICATE_ENTITY_CONTENT,"P2_E057,P3_E038",TRAITEMENT,O2 | o2,,,,,,,,Même type + même contenu avec plusieurs IDs
img20250709_16301193_trace_sepsis_V1.6-V6.5-SELECTIVE_PRECISION.json,DUPLICATE_ENTITY_CONTENT,"P4_E032,P5_E046",DONNEE_PATIENT,La patiente | patient,,,,,,,,Même type + même contenu avec plusieurs IDs
img20250709_16301193_trace_sepsis_V1.6-V6.5-SELECTIVE_PRECISION.json,INVALID_RELATION_TARGET_TYPE,P5_E028,SYMPTOME,Hypokaliémie | hypokaliemie,R_V69K_00062,a_pour_label_nosologique,P5_E046,P5_E028,SYMPTOME,LABEL_NOSOLOGIQUE,5,Le type cible ne respecte pas l'image TRACE
img20250709_16304515_trace_sepsis_V1.6-V6.5-SELECTIVE_PRECISION.json,DUPLICATE_ENTITY_CONTENT,"P2_E028,P5_E038",DONNEE_PATIENT,patient,,,,,,,,Même type + même contenu avec plusieurs IDs
img20250709_16304515_trace_sepsis_V1.6-V6.5-SELECTIVE_PRECISION.json,DUPLICATE_ENTITY_CONTENT,"P5_E019,P6_E012",DEFAILLANCE_ORGANE,SDRA | respiratoire,,,,,,,,Même type + même contenu avec plusieurs IDs
img20250709_16304515_trace_sepsis_V1.6-V6.5-SELECTIVE_PRECISION.json,DUPLICATE_ENTITY_CONTENT,"P5_E024,P6_E010",DEFAILLANCE_ORGANE,insuffisance rénale | renal,,,,,,,,Même type + même contenu avec plusieurs IDs
img20250709_16304515_trace_sepsis_V1.6-V6.5-SELECTIVE_PRECISION.json,INVALID_RELATION_TARGET_TYPE,P2_E012,SIGNE_VITAL,tachypnée 50cpm | 50 | frequence_respiratoire,R_V69K_00064,presente_symptome,P1_E015,P2_E012,SIGNE_VITAL,SYMPTOME,,Le type cible ne respecte pas l'image TRACE
img20250709_16313543_trace_sepsis_V1.6-V6.5-SELECTIVE_PRECISION.json,DUPLICATE_ENTITY_CONTENT,"P1_E011,P6_E001",LABEL_NOSOLOGIQUE,tuberculose pulmonaire | tuberculose,,,,,,,,Même type + même contenu avec plusieurs IDs
img20250709_16313543_trace_sepsis_V1.6-V6.5-SELECTIVE_PRECISION.json,DUPLICATE_ENTITY_CONTENT,"P1_E013,P4_E027",DEFAILLANCE_ORGANE,Détresse respiratoire aiguë | respiratoire,,,,,,,,Même type + même contenu avec plusieurs IDs
img20250709_16313543_trace_sepsis_V1.6-V6.5-SELECTIVE_PRECISION.json,DUPLICATE_ENTITY_CONTENT,"P1_E020,P4_E044",DEFAILLANCE_ORGANE,Détresse respiratoire | détresse_respiratoire,,,,,,,,Même type + même contenu avec plusieurs IDs
img20250709_16313543_trace_sepsis_V1.6-V6.5-SELECTIVE_PRECISION.json,DUPLICATE_ENTITY_CONTENT,"P2_E056,P3_E029,P4_E040,P5_E042",DONNEE_PATIENT,patient,,,,,,,,Même type + même contenu avec plusieurs IDs
img20250709_16313543_trace_sepsis_V1.6-V6.5-SELECTIVE_PRECISION.json,DUPLICATE_ENTITY_CONTENT,"P2_E061,P6_E020",DEFAILLANCE_ORGANE,détresse respiratoire aiguë | respiratoire,,,,,,,,Même type + même contenu avec plusieurs IDs
img20250709_16313543_trace_sepsis_V1.6-V6.5-SELECTIVE_PRECISION.json,DUPLICATE_ENTITY_CONTENT,"P2_E062,P3_E030,P4_E043",TRAITEMENT,O2 | o2,,,,,,,,Même type + même contenu avec plusieurs IDs
img20250709_16313543_trace_sepsis_V1.6-V6.5-SELECTIVE_PRECISION.json,DUPLICATE_ENTITY_CONTENT,"P4_E036,P6_E009",TRAITEMENT,trachéotomie | tracheotomie,,,,,,,,Même type + même contenu avec plusieurs IDs
img20250709_16313543_trace_sepsis_V1.6-V6.5-SELECTIVE_PRECISION.json,DUPLICATE_ENTITY_CONTENT,"P4_E041,P5_E043",IMAGERIE_PROCEDURE,ECG | ecg,,,,,,,,Même type + même contenu avec plusieurs IDs
img20250709_16313543_trace_sepsis_V1.6-V6.5-SELECTIVE_PRECISION.json,DUPLICATE_ENTITY_CONTENT,"P5_E005,P6_E010",TRAITEMENT,noradrénaline | vasopresseur,,,,,,,,Même type + même contenu avec plusieurs IDs
img20250709_16313543_trace_sepsis_V1.6-V6.5-SELECTIVE_PRECISION.json,INVALID_RELATION_TARGET_TYPE,P5_E019,DEFAILLANCE_ORGANE,HTAP | cardiaque,R_V69K_00081,a_pour_label_nosologique,P5_E042,P5_E019,DEFAILLANCE_ORGANE,LABEL_NOSOLOGIQUE,5,Le type cible ne respecte pas l'image TRACE
img20250709_16313543_trace_sepsis_V1.6-V6.5-SELECTIVE_PRECISION.json,INVALID_RELATION_TARGET_TYPE,P5_E039,SYMPTOME,ulcère gastrique,R_V69K_00085,a_pour_label_nosologique,P5_E042,P5_E039,SYMPTOME,LABEL_NOSOLOGIQUE,5,Le type cible ne respecte pas l'image TRACE
img20250709_16313543_trace_sepsis_V1.6-V6.5-SELECTIVE_PRECISION.json,INVALID_RELATION_TARGET_TYPE,P6_E022,DEFAILLANCE_ORGANE,HTAP secondaire aux lésions pulmonaires | autre,R_V69K_00109,a_pour_label_nosologique,P6_E025,P6_E022,DEFAILLANCE_ORGANE,LABEL_NOSOLOGIQUE,6,Le type cible ne respecte pas l'image TRACE
img20250709_16313543_trace_sepsis_V1.6-V6.5-SELECTIVE_PRECISION.json,INVALID_RELATION_TARGET_TYPE,P1_E017,DONNEE_PATIENT,perte d'environ 20 kg | poids_kg,R_V69K_00132,presente_symptome,P1_E018,P1_E017,DONNEE_PATIENT,SYMPTOME,,Le type cible ne respecte pas l'image TRACE
img20250709_16321359_trace_sepsis_V1.6-V6.5-SELECTIVE_PRECISION.json,DUPLICATE_ENTITY_CONTENT,"P1_E002,P2_E005",DEFAILLANCE_ORGANE,détresse respiratoire | respiratoire,,,,,,,,Même type + même contenu avec plusieurs IDs
img20250709_16321359_trace_sepsis_V1.6-V6.5-SELECTIVE_PRECISION.json,DUPLICATE_ENTITY_CONTENT,"P2_E038,P5_E006",DONNEE_PATIENT,Patiente | patient,,,,,,,,Même type + même contenu avec plusieurs IDs
img20250709_16321359_trace_sepsis_V1.6-V6.5-SELECTIVE_PRECISION.json,INVALID_RELATION_TARGET_TYPE,P4_E039,SYMPTOME,anurie | renal,R_V69K_00058,presente_dysfonction_organe,P4_E036,P4_E039,SYMPTOME,DEFAILLANCE_ORGANE,4,Le type cible ne respecte pas l'image TRACE
img20250709_16321359_trace_sepsis_V1.6-V6.5-SELECTIVE_PRECISION.json,INVALID_RELATION_TARGET_TYPE,P4_E036,DONNEE_PATIENT,La patiente | patient,R_V69K_00067,traitement_cible_defaillance,P4_E025,P4_E036,DONNEE_PATIENT,DEFAILLANCE_ORGANE,4,Le type cible ne respecte pas l'image TRACE
img20250709_16331952_trace_sepsis_V1.6-V6.5-SELECTIVE_PRECISION.json,DUPLICATE_ENTITY_CONTENT,"P1_E001,P2_E049,P4_E006,P5_E049",LABEL_NOSOLOGIQUE,choc septique | choc_septique,,,,,,,,Même type + même contenu avec plusieurs IDs
img20250709_16331952_trace_sepsis_V1.6-V6.5-SELECTIVE_PRECISION.json,DUPLICATE_ENTITY_CONTENT,"P1_E020,P5_E041,P7_E041",DONNEE_PATIENT,Patient | patient,,,,,,,,Même type + même contenu avec plusieurs IDs
img20250709_16331952_trace_sepsis_V1.6-V6.5-SELECTIVE_PRECISION.json,DUPLICATE_ENTITY_CONTENT,"P1_E021,P2_E035",SERVICE_MEDICAL,réanimation,,,,,,,,Même type + même contenu avec plusieurs IDs
img20250709_16331952_trace_sepsis_V1.6-V6.5-SELECTIVE_PRECISION.json,DUPLICATE_ENTITY_CONTENT,"P1_E022,P2_E043",SERVICE_MEDICAL,urgences,,,,,,,,Même type + même contenu avec plusieurs IDs
img20250709_16331952_trace_sepsis_V1.6-V6.5-SELECTIVE_PRECISION.json,DUPLICATE_ENTITY_CONTENT,"P1_E024,P2_E054",EVENEMENT_TEMPOREL,2013 | date_clinique,,,,,,,,Même type + même contenu avec plusieurs IDs
img20250709_16331952_trace_sepsis_V1.6-V6.5-SELECTIVE_PRECISION.json,DUPLICATE_ENTITY_CONTENT,"P2_E004,P4_E014",TRAITEMENT,noradrénaline | vasopresseur,,,,,,,,Même type + même contenu avec plusieurs IDs
img20250709_16331952_trace_sepsis_V1.6-V6.5-SELECTIVE_PRECISION.json,DUPLICATE_ENTITY_CONTENT,"P2_E045,P4_E034",IMAGERIE_PROCEDURE,ECG | ecg,,,,,,,,Même type + même contenu avec plusieurs IDs
img20250709_16331952_trace_sepsis_V1.6-V6.5-SELECTIVE_PRECISION.json,DUPLICATE_ENTITY_CONTENT,"P4_E007,P5_E008,P7_E008",DEFAILLANCE_ORGANE,SDRA | respiratoire,,,,,,,,Même type + même contenu avec plusieurs IDs
img20250709_16331952_trace_sepsis_V1.6-V6.5-SELECTIVE_PRECISION.json,DUPLICATE_ENTITY_CONTENT,"P4_E011,P5_E027",IMAGERIE_PROCEDURE,PDP,,,,,,,,Même type + même contenu avec plusieurs IDs
img20250709_16331952_trace_sepsis_V1.6-V6.5-SELECTIVE_PRECISION.json,DUPLICATE_ENTITY_CONTENT,"P4_E023,P7_E023",LABEL_NOSOLOGIQUE,sepsis,,,,,,,,Même type + même contenu avec plusieurs IDs
img20250709_16331952_trace_sepsis_V1.6-V6.5-SELECTIVE_PRECISION.json,DUPLICATE_ENTITY_CONTENT,"P4_E033,P7_E042",DONNEE_PATIENT,60 ans | age,,,,,,,,Même type + même contenu avec plusieurs IDs
img20250709_16331952_trace_sepsis_V1.6-V6.5-SELECTIVE_PRECISION.json,DUPLICATE_ENTITY_CONTENT,"P4_E035,P6_E030",IMAGERIE_PROCEDURE,ETT | ett,,,,,,,,Même type + même contenu avec plusieurs IDs
img20250709_16331952_trace_sepsis_V1.6-V6.5-SELECTIVE_PRECISION.json,DUPLICATE_ENTITY_CONTENT,"P4_E036,P7_E044",DEFAILLANCE_ORGANE,insuffisance rénale | renal,,,,,,,,Même type + même contenu avec plusieurs IDs
img20250709_16331952_trace_sepsis_V1.6-V6.5-SELECTIVE_PRECISION.json,DUPLICATE_ENTITY_CONTENT,"P5_E017,P7_E009",DEFAILLANCE_ORGANE,insuffisance rénale aiguë | renal,,,,,,,,Même type + même contenu avec plusieurs IDs
img20250709_16331952_trace_sepsis_V1.6-V6.5-SELECTIVE_PRECISION.json,DUPLICATE_ENTITY_CONTENT,"P5_E047,P6_E035",TRAITEMENT,augmentin,,,,,,,,Même type + même contenu avec plusieurs IDs
img20250709_16331952_trace_sepsis_V1.6-V6.5-SELECTIVE_PRECISION.json,DUPLICATE_ENTITY_CONTENT,"P5_E057,P6_E047,P7_E035",MICRO_ORGANISME,SARM,,,,,,,,Même type + même contenu avec plusieurs IDs
img20250709_16331952_trace_sepsis_V1.6-V6.5-SELECTIVE_PRECISION.json,DUPLICATE_ENTITY_CONTENT,"P7_E001,P8_E001",TRAITEMENT,Colimycine | antibiotique,,,,,,,,Même type + même contenu avec plusieurs IDs
img20250709_16331952_trace_sepsis_V1.6-V6.5-SELECTIVE_PRECISION.json,DUPLICATE_ENTITY_CONTENT,"P7_E036,P8_E022",MICRO_ORGANISME,acinetobacter baumani | acinetobacter_baumani,,,,,,,,Même type + même contenu avec plusieurs IDs
img20250709_16331952_trace_sepsis_V1.6-V6.5-SELECTIVE_PRECISION.json,INVALID_RELATION_TARGET_TYPE,P4_E029,SYMPTOME,anurie | renal,R_V69K_00049,presente_dysfonction_organe,P4_E032,P4_E029,SYMPTOME,DEFAILLANCE_ORGANE,4,Le type cible ne respecte pas l'image TRACE
img20250709_16331952_trace_sepsis_V1.6-V6.5-SELECTIVE_PRECISION.json,INVALID_RELATION_TARGET_TYPE,P6_E014,DEFAILLANCE_ORGANE,lésion spontanément dense d'environ 25 mm du muscle piriforme gauche | lésion du muscle piriforme,R_V69K_00111,presente_symptome,P6_E028,P6_E014,DEFAILLANCE_ORGANE,SYMPTOME,6,Le type cible ne respecte pas l'image TRACE
img20250709_16340712_trace_sepsis_V1.6-V6.5-SELECTIVE_PRECISION.json,DUPLICATE_ENTITY_CONTENT,"P1_E001,P4_E015",COMORBIDITE_ANTECEDENT,BPCO,,,,,,,,Même type + même contenu avec plusieurs IDs
img20250709_16340712_trace_sepsis_V1.6-V6.5-SELECTIVE_PRECISION.json,DUPLICATE_ENTITY_CONTENT,"P1_E024,P5_E049",DONNEE_PATIENT,Patient | patient,,,,,,,,Même type + même contenu avec plusieurs IDs
img20250709_16340712_trace_sepsis_V1.6-V6.5-SELECTIVE_PRECISION.json,DUPLICATE_ENTITY_CONTENT,"P1_E028,P6_E043",POSOLOGIE,30 UI | posologie,,,,,,,,Même type + même contenu avec plusieurs IDs
img20250709_16340712_trace_sepsis_V1.6-V6.5-SELECTIVE_PRECISION.json,DUPLICATE_ENTITY_CONTENT,"P2_E019,P4_E016",TRAITEMENT,Oxygénothérapie au masque haute concentration | Oxygénothérapie | oxygenotherapie,,,,,,,,Même type + même contenu avec plusieurs IDs
img20250709_16340712_trace_sepsis_V1.6-V6.5-SELECTIVE_PRECISION.json,DUPLICATE_ENTITY_CONTENT,"P2_E022,P5_E009",TRAITEMENT,Rovamycine | antibiotique,,,,,,,,Même type + même contenu avec plusieurs IDs
img20250709_16340712_trace_sepsis_V1.6-V6.5-SELECTIVE_PRECISION.json,DUPLICATE_ENTITY_CONTENT,"P2_E052,P3_E034",TRAITEMENT,O2 | o2,,,,,,,,Même type + même contenu avec plusieurs IDs
img20250709_16340712_trace_sepsis_V1.6-V6.5-SELECTIVE_PRECISION.json,DUPLICATE_ENTITY_CONTENT,"P2_E053,P5_E061",LABEL_NOSOLOGIQUE,syndrome inflammatoire | syndrome_inflammatoire,,,,,,,,Même type + même contenu avec plusieurs IDs
img20250709_16340712_trace_sepsis_V1.6-V6.5-SELECTIVE_PRECISION.json,DUPLICATE_ENTITY_CONTENT,"P4_E035,P6_E009",TRAITEMENT,drainage thoracique | drainage,,,,,,,,Même type + même contenu avec plusieurs IDs
img20250709_16344492_trace_sepsis_V1.6-V6.5-SELECTIVE_PRECISION.json,DUPLICATE_ENTITY_CONTENT,"P1_E013,P2_E018,P3_E022",DONNEE_PATIENT,Patient | patient,,,,,,,,Même type + même contenu avec plusieurs IDs
img20250709_16344492_trace_sepsis_V1.6-V6.5-SELECTIVE_PRECISION.json,DUPLICATE_ENTITY_CONTENT,"P1_V66_E002,P2_E001,P5_E001",TRAITEMENT,VNI,,,,,,,,Même type + même contenu avec plusieurs IDs
img20250709_16344492_trace_sepsis_V1.6-V6.5-SELECTIVE_PRECISION.json,DUPLICATE_ENTITY_CONTENT,"P2_E023,P3_E024",TRAITEMENT,O2 | o2,,,,,,,,Même type + même contenu avec plusieurs IDs
img20250709_16351550_trace_sepsis_V1.6-V6.5-SELECTIVE_PRECISION.json,DUPLICATE_ENTITY_CONTENT,"P1_E031,P5_E016",DONNEE_PATIENT,64 ans | 64 | age,,,,,,,,Même type + même contenu avec plusieurs IDs
img20250709_16351550_trace_sepsis_V1.6-V6.5-SELECTIVE_PRECISION.json,DUPLICATE_ENTITY_CONTENT,"P1_E033,P2_E024,P4_E035",SERVICE_MEDICAL,réanimation,,,,,,,,Même type + même contenu avec plusieurs IDs
img20250709_16351550_trace_sepsis_V1.6-V6.5-SELECTIVE_PRECISION.json,DUPLICATE_ENTITY_CONTENT,"P1_E036,P4_E045,P5_E019",COMORBIDITE_ANTECEDENT,adénocarcinome,,,,,,,,Même type + même contenu avec plusieurs IDs
img20250709_16351550_trace_sepsis_V1.6-V6.5-SELECTIVE_PRECISION.json,DUPLICATE_ENTITY_CONTENT,"P2_E032,P5_E017",DONNEE_PATIENT,Le patient | patient,,,,,,,,Même type + même contenu avec plusieurs IDs
img20250709_16351550_trace_sepsis_V1.6-V6.5-SELECTIVE_PRECISION.json,DUPLICATE_ENTITY_CONTENT,"P4_E006,P5_E012",LABEL_NOSOLOGIQUE,Etat de mal épileptique | etat_de_mal_epileptique,,,,,,,,Même type + même contenu avec plusieurs IDs
img20250709_16351550_trace_sepsis_V1.6-V6.5-SELECTIVE_PRECISION.json,DUPLICATE_ENTITY_CONTENT,"P4_E029,P5_E015",LABEL_NOSOLOGIQUE,métastase cérébrale,,,,,,,,Même type + même contenu avec plusieurs IDs
img20250709_16351550_trace_sepsis_V1.6-V6.5-SELECTIVE_PRECISION.json,DUPLICATE_ENTITY_CONTENT,"P4_E054,P5_E022",EVENEMENT_TEMPOREL,2011 | date_clinique,,,,,,,,Même type + même contenu avec plusieurs IDs
img20250709_16360688_trace_sepsis_V1.6-V6.5-SELECTIVE_PRECISION.json,DUPLICATE_ENTITY_CONTENT,"P1_E041,P3_E026",DONNEE_PATIENT,Patient | patient,,,,,,,,Même type + même contenu avec plusieurs IDs
img20250709_16360688_trace_sepsis_V1.6-V6.5-SELECTIVE_PRECISION.json,DUPLICATE_ENTITY_CONTENT,"P1_E042,P2_E061",SERVICE_MEDICAL,réanimation,,,,,,,,Même type + même contenu avec plusieurs IDs
img20250709_16360688_trace_sepsis_V1.6-V6.5-SELECTIVE_PRECISION.json,DUPLICATE_ENTITY_CONTENT,"P2_E003,P5_E021,P6_E012",DEFAILLANCE_ORGANE,IRA | renal,,,,,,,,Même type + même contenu avec plusieurs IDs
img20250709_16360688_trace_sepsis_V1.6-V6.5-SELECTIVE_PRECISION.json,DUPLICATE_ENTITY_CONTENT,"P2_E025,P5_E018",TRAITEMENT,Zyvoxid | antibiotique,,,,,,,,Même type + même contenu avec plusieurs IDs
img20250709_16360688_trace_sepsis_V1.6-V6.5-SELECTIVE_PRECISION.json,DUPLICATE_ENTITY_CONTENT,"P2_E060,P5_E043,P6_E019",DONNEE_PATIENT,patient,,,,,,,,Même type + même contenu avec plusieurs IDs
img20250709_16360688_trace_sepsis_V1.6-V6.5-SELECTIVE_PRECISION.json,DUPLICATE_ENTITY_CONTENT,"P2_E063,P5_E046",IMAGERIE_PROCEDURE,ECG | ecg,,,,,,,,Même type + même contenu avec plusieurs IDs
img20250709_16360688_trace_sepsis_V1.6-V6.5-SELECTIVE_PRECISION.json,DUPLICATE_ENTITY_CONTENT,"P2_E069,P6_E023",LABEL_NOSOLOGIQUE,syndrome inflammatoire | syndrome_inflammatoire,,,,,,,,Même type + même contenu avec plusieurs IDs
img20250709_16360688_trace_sepsis_V1.6-V6.5-SELECTIVE_PRECISION.json,DUPLICATE_ENTITY_CONTENT,"P5_E010,P6_E013",COMORBIDITE_ANTECEDENT,diabétique | diabete,,,,,,,,Même type + même contenu avec plusieurs IDs
img20250709_16360688_trace_sepsis_V1.6-V6.5-SELECTIVE_PRECISION.json,DUPLICATE_ENTITY_CONTENT,"P5_E012,P6_E009",TRAITEMENT,amputation du MIG | chirurgie,,,,,,,,Même type + même contenu avec plusieurs IDs
img20250709_16360688_trace_sepsis_V1.6-V6.5-SELECTIVE_PRECISION.json,DUPLICATE_ENTITY_CONTENT,"P5_E015,P6_E010",TRAITEMENT,oxygénothérapie hyperbare | oxygénothérapie | oxygenotherapie,,,,,,,,Même type + même contenu avec plusieurs IDs
img20250709_16360688_trace_sepsis_V1.6-V6.5-SELECTIVE_PRECISION.json,DUPLICATE_ENTITY_CONTENT,"P5_E042,P6_E018",DONNEE_PATIENT,patient de 66 ans | 66 | age,,,,,,,,Même type + même contenu avec plusieurs IDs
img20250709_16360688_trace_sepsis_V1.6-V6.5-SELECTIVE_PRECISION.json,DUPLICATE_ENTITY_CONTENT,"P5_E044,P6_E020",DONNEE_PATIENT,66 ans | age,,,,,,,,Même type + même contenu avec plusieurs IDs
img20250709_16360688_trace_sepsis_V1.6-V6.5-SELECTIVE_PRECISION.json,INVALID_RELATION_TARGET_TYPE,P2_E001,FOYER_INFECTIEUX,Gangrene gazeuse | gangrene_gazeuse,R_V69K_00028,a_pour_label_nosologique,P2_E060,P2_E001,FOYER_INFECTIEUX,LABEL_NOSOLOGIQUE,2,Le type cible ne respecte pas l'image TRACE
img20250709_16360688_trace_sepsis_V1.6-V6.5-SELECTIVE_PRECISION.json,INVALID_RELATION_TARGET_TYPE,P2_E037,SYMPTOME,initialement anurie | renal,R_V69K_00049,presente_dysfonction_organe,P2_E060,P2_E037,SYMPTOME,DEFAILLANCE_ORGANE,2,Le type cible ne respecte pas l'image TRACE
img20250709_16360688_trace_sepsis_V1.6-V6.5-SELECTIVE_PRECISION.json,INVALID_RELATION_TARGET_TYPE,P2_E044,SYMPTOME,persistance de l'anurie | renal,R_V69K_00051,presente_dysfonction_organe,P2_E060,P2_E044,SYMPTOME,DEFAILLANCE_ORGANE,2,Le type cible ne respecte pas l'image TRACE
img20250709_16360688_trace_sepsis_V1.6-V6.5-SELECTIVE_PRECISION.json,INVALID_RELATION_TARGET_TYPE,P2_E065,SYMPTOME,anurie | renal,R_V69K_00054,presente_dysfonction_organe,P2_E060,P2_E065,SYMPTOME,DEFAILLANCE_ORGANE,2,Le type cible ne respecte pas l'image TRACE
img20250709_16360688_trace_sepsis_V1.6-V6.5-SELECTIVE_PRECISION.json,INVALID_RELATION_TARGET_TYPE,P2_E029,TRAITEMENT,remplissage de 2500 ml de sérum phy/ringer lactate | 2500 | volume,R_V69K_00056,traitement_a_pour_posologie,P2_E010,P2_E029,TRAITEMENT,POSOLOGIE,2,Le type cible ne respecte pas l'image TRACE
img20250709_16374548_trace_sepsis_V1.6-V6.5-SELECTIVE_PRECISION.json,DUPLICATE_ENTITY_CONTENT,"P1_E011,P2_E022",TRAITEMENT,Buspirone 10 : 0-0-1 | Buspirone | traitement_habituel,,,,,,,,Même type + même contenu avec plusieurs IDs
img20250709_16374548_trace_sepsis_V1.6-V6.5-SELECTIVE_PRECISION.json,DUPLICATE_ENTITY_CONTENT,"P1_E012,P2_E024",TRAITEMENT,Perindopril 4 : 1/2-0-0 | Perindopril | traitement_habituel,,,,,,,,Même type + même contenu avec plusieurs IDs
img20250709_16374548_trace_sepsis_V1.6-V6.5-SELECTIVE_PRECISION.json,DUPLICATE_ENTITY_CONTENT,"P1_E017,P6_E025",DONNEE_PATIENT,Patient | patient,,,,,,,,Même type + même contenu avec plusieurs IDs
img20250709_16374548_trace_sepsis_V1.6-V6.5-SELECTIVE_PRECISION.json,DUPLICATE_ENTITY_CONTENT,"P1_E019,P2_E015",SERVICE_MEDICAL,réanimation,,,,,,,,Même type + même contenu avec plusieurs IDs
img20250709_16374548_trace_sepsis_V1.6-V6.5-SELECTIVE_PRECISION.json,DUPLICATE_ENTITY_CONTENT,"P1_E021,P2_E055",POSOLOGIE,2-0-0 | posologie,,,,,,,,Même type + même contenu avec plusieurs IDs
img20250709_16374548_trace_sepsis_V1.6-V6.5-SELECTIVE_PRECISION.json,DUPLICATE_ENTITY_CONTENT,"P2_E030,P8_E011",TRAITEMENT,Ventilateur utilisé : éole3 | ventilation_mecanique,,,,,,,,Même type + même contenu avec plusieurs IDs
img20250709_16374548_trace_sepsis_V1.6-V6.5-SELECTIVE_PRECISION.json,DUPLICATE_ENTITY_CONTENT,"P2_E033,P8_E014",POSOLOGIE,VC (mL) : 470 ml | 470 | volume,,,,,,,,Même type + même contenu avec plusieurs IDs
img20250709_16374548_trace_sepsis_V1.6-V6.5-SELECTIVE_PRECISION.json,DUPLICATE_ENTITY_CONTENT,"P2_E041,P8_E023",POSOLOGIE,FiO2 : 21% | 21 | FiO2,,,,,,,,Même type + même contenu avec plusieurs IDs
img20250709_16374548_trace_sepsis_V1.6-V6.5-SELECTIVE_PRECISION.json,DUPLICATE_ENTITY_CONTENT,"P2_E042,P8_E024",TRAITEMENT,Ventilateur : LÉGENDAIR | ventilation_mecanique,,,,,,,,Même type + même contenu avec plusieurs IDs
img20250709_16374548_trace_sepsis_V1.6-V6.5-SELECTIVE_PRECISION.json,DUPLICATE_ENTITY_CONTENT,"P2_E043,P8_E025",POSOLOGIE,Vt 470 ml | 470 | volume,,,,,,,,Même type + même contenu avec plusieurs IDs
img20250709_16374548_trace_sepsis_V1.6-V6.5-SELECTIVE_PRECISION.json,DUPLICATE_ENTITY_CONTENT,"P2_E044,P8_E026",SIGNE_VITAL,FR 14 cpm | 14 | frequence_respiratoire,,,,,,,,Même type + même contenu avec plusieurs IDs
img20250709_16374548_trace_sepsis_V1.6-V6.5-SELECTIVE_PRECISION.json,DUPLICATE_ENTITY_CONTENT,"P3_E029,P5_E032",DONNEE_PATIENT,patient,,,,,,,,Même type + même contenu avec plusieurs IDs
img20250709_16374548_trace_sepsis_V1.6-V6.5-SELECTIVE_PRECISION.json,DUPLICATE_ENTITY_CONTENT,"P3_E032,P4_E042,P6_E031,P7_E029",TRAITEMENT,O2 | o2,,,,,,,,Même type + même contenu avec plusieurs IDs
img20250709_16374548_trace_sepsis_V1.6-V6.5-SELECTIVE_PRECISION.json,INVALID_RELATION_TARGET_TYPE,P2_E001,BIOMARQUEUR,thrombopénie | plaquettes,R_V69K_00011,presente_symptome,P2_E052,P2_E001,BIOMARQUEUR,SYMPTOME,2,Le type cible ne respecte pas l'image TRACE
img20250709_16374548_trace_sepsis_V1.6-V6.5-SELECTIVE_PRECISION.json,INVALID_RELATION_TARGET_TYPE,P5_E018,BIOMARQUEUR,thrombopénie,R_V69K_00076,presente_symptome,P5_E032,P5_E018,BIOMARQUEUR,SYMPTOME,5,Le type cible ne respecte pas l'image TRACE
img20250709_16374548_trace_sepsis_V1.6-V6.5-SELECTIVE_PRECISION.json,INVALID_RELATION_TARGET_TYPE,P2_E002,BIOMARQUEUR,leucopénie | globules_blancs,R_V69K_00118,presente_symptome,P2_E052,P2_E002,BIOMARQUEUR,SYMPTOME,,Le type cible ne respecte pas l'image TRACE
img20250709_16374548_trace_sepsis_V1.6-V6.5-SELECTIVE_PRECISION.json,INVALID_RELATION_SOURCE_TYPE,P5_E008,POSOLOGIE,250ml de sérum phy | 250 | volume,R_V69K_00119,traitement_administre_a,P5_E008,P1_E017,POSOLOGIE,TRAITEMENT,,Le type source ne respecte pas le domaine TRACE
img20250709_16381567_trace_sepsis_V1.6-V6.5-SELECTIVE_PRECISION.json,DUPLICATE_ENTITY_CONTENT,"P1_E006,P5_E003",COMORBIDITE_ANTECEDENT,insuffisance gonadotrope | autre,,,,,,,,Même type + même contenu avec plusieurs IDs
img20250709_16381567_trace_sepsis_V1.6-V6.5-SELECTIVE_PRECISION.json,DUPLICATE_ENTITY_CONTENT,"P1_E027,P5_E045",DONNEE_PATIENT,57 ans | 57 | age,,,,,,,,Même type + même contenu avec plusieurs IDs
img20250709_16381567_trace_sepsis_V1.6-V6.5-SELECTIVE_PRECISION.json,DUPLICATE_ENTITY_CONTENT,"P1_E028,P2_E045",DONNEE_PATIENT,Patient | patient,,,,,,,,Même type + même contenu avec plusieurs IDs
img20250709_16381567_trace_sepsis_V1.6-V6.5-SELECTIVE_PRECISION.json,DUPLICATE_ENTITY_CONTENT,"P1_E031,P2_E012,P5_E047",SERVICE_MEDICAL,réanimation,,,,,,,,Même type + même contenu avec plusieurs IDs
img20250709_16381567_trace_sepsis_V1.6-V6.5-SELECTIVE_PRECISION.json,DUPLICATE_ENTITY_CONTENT,"P1_E039,P5_E049",POSOLOGIE,800 mg | posologie,,,,,,,,Même type + même contenu avec plusieurs IDs
img20250709_16381567_trace_sepsis_V1.6-V6.5-SELECTIVE_PRECISION.json,DUPLICATE_ENTITY_CONTENT,"P1_E041,P5_E052",COMORBIDITE_ANTECEDENT,hernie discale | hernie_discale,,,,,,,,Même type + même contenu avec plusieurs IDs
img20250709_16381567_trace_sepsis_V1.6-V6.5-SELECTIVE_PRECISION.json,DUPLICATE_ENTITY_CONTENT,"P2_E005,P5_E023",TRAITEMENT,Doliprane | antalgique,,,,,,,,Même type + même contenu avec plusieurs IDs
img20250709_16381567_trace_sepsis_V1.6-V6.5-SELECTIVE_PRECISION.json,DUPLICATE_ENTITY_CONTENT,"P2_E048,P3_E039",TRAITEMENT,O2 | o2,,,,,,,,Même type + même contenu avec plusieurs IDs
img20250709_16381567_trace_sepsis_V1.6-V6.5-SELECTIVE_PRECISION.json,DUPLICATE_ENTITY_CONTENT,"P3_E037,P4_E055",IMAGERIE_PROCEDURE,ECG | ecg,,,,,,,,Même type + même contenu avec plusieurs IDs
img20250709_16381567_trace_sepsis_V1.6-V6.5-SELECTIVE_PRECISION.json,DUPLICATE_ENTITY_CONTENT,"P4_E046,P5_E011",DEFAILLANCE_ORGANE,SDRA | respiratoire,,,,,,,,Même type + même contenu avec plusieurs IDs
img20250709_16381567_trace_sepsis_V1.6-V6.5-SELECTIVE_PRECISION.json,DUPLICATE_ENTITY_CONTENT,"P4_E058,P5_E010",LABEL_NOSOLOGIQUE,Choc septique | choc_septique,,,,,,,,Même type + même contenu avec plusieurs IDs
img20250709_16381567_trace_sepsis_V1.6-V6.5-SELECTIVE_PRECISION.json,INVALID_RELATION_TARGET_TYPE,P5_E038,DEFAILLANCE_ORGANE,Neuropathie de réanimation | neurologique,R_V69K_00091,presente_symptome,P5_E046,P5_E038,DEFAILLANCE_ORGANE,SYMPTOME,5,Le type cible ne respecte pas l'image TRACE
img20250709_16381567_trace_sepsis_V1.6-V6.5-SELECTIVE_PRECISION.json,INVALID_RELATION_TARGET_TYPE,P5_E020,TRAITEMENT,kétamine per os | voie_administration,R_V69K_00104,traitement_a_pour_posologie,P5_E019,P5_E020,TRAITEMENT,POSOLOGIE,5,Le type cible ne respecte pas l'image TRACE
img20250709_16381567_trace_sepsis_V1.6-V6.5-SELECTIVE_PRECISION.json,INVALID_RELATION_TARGET_TYPE,P4_E031,TRAITEMENT,Extubation | extubation,R_V69K_00131,patient_a_pour_evolution,P1_E028,P4_E031,TRAITEMENT,EVOLUTION_PRONOSTIC,,Le type cible ne respecte pas l'image TRACE
img20250709_16393818_trace_sepsis_V1.6-V6.5-SELECTIVE_PRECISION.json,DUPLICATE_ENTITY_CONTENT,"P1_E022,P2_E055,P5_E070,P6_E036",DONNEE_PATIENT,Patient | patient,,,,,,,,Même type + même contenu avec plusieurs IDs
img20250709_16393818_trace_sepsis_V1.6-V6.5-SELECTIVE_PRECISION.json,DUPLICATE_ENTITY_CONTENT,"P1_E023,P2_E056,P4_E030,P5_E071,P6_E038",SERVICE_MEDICAL,réanimation,,,,,,,,Même type + même contenu avec plusieurs IDs
img20250709_16393818_trace_sepsis_V1.6-V6.5-SELECTIVE_PRECISION.json,DUPLICATE_ENTITY_CONTENT,"P1_E027,P2_E075",FOYER_INFECTIEUX,pneumopathie,,,,,,,,Même type + même contenu avec plusieurs IDs
img20250709_16393818_trace_sepsis_V1.6-V6.5-SELECTIVE_PRECISION.json,DUPLICATE_ENTITY_CONTENT,"P2_E002,P6_E011",SYMPTOME,encombrement bronchique | encombrement,,,,,,,,Même type + même contenu avec plusieurs IDs
img20250709_16393818_trace_sepsis_V1.6-V6.5-SELECTIVE_PRECISION.json,DUPLICATE_ENTITY_CONTENT,"P2_E062,P4_E033",TRAITEMENT,O2 | o2,,,,,,,,Même type + même contenu avec plusieurs IDs
img20250709_16393818_trace_sepsis_V1.6-V6.5-SELECTIVE_PRECISION.json,DUPLICATE_ENTITY_CONTENT,"P2_E064,P3_E029",POSOLOGIE,3 jours | posologie,,,,,,,,Même type + même contenu avec plusieurs IDs
img20250709_16393818_trace_sepsis_V1.6-V6.5-SELECTIVE_PRECISION.json,DUPLICATE_ENTITY_CONTENT,"P4_E025,P5_E008",TRAITEMENT,rovamycine | antibiotique,,,,,,,,Même type + même contenu avec plusieurs IDs
img20250709_16393818_trace_sepsis_V1.6-V6.5-SELECTIVE_PRECISION.json,DUPLICATE_ENTITY_CONTENT,"P5_E096,P6_E050",EVENEMENT_TEMPOREL,le 15/05 | date_clinique,,,,,,,,Même type + même contenu avec plusieurs IDs
img20250709_16393818_trace_sepsis_V1.6-V6.5-SELECTIVE_PRECISION.json,INVALID_RELATION_TARGET_TYPE,P5_E064,SYMPTOME,angiocholite,R_V69K_00062,presente_suspicion_infection,P5_E070,P5_E064,SYMPTOME,FOYER_INFECTIEUX,5,Le type cible ne respecte pas l'image TRACE
img20250709_16393818_trace_sepsis_V1.6-V6.5-SELECTIVE_PRECISION.json,INVALID_RELATION_TARGET_TYPE,P6_E032,FOYER_INFECTIEUX,Angiocholite,R_V69K_00108,a_pour_label_nosologique,P6_E036,P6_E032,FOYER_INFECTIEUX,LABEL_NOSOLOGIQUE,6,Le type cible ne respecte pas l'image TRACE
img20250709_16393818_trace_sepsis_V1.6-V6.5-SELECTIVE_PRECISION.json,INVALID_RELATION_TARGET_TYPE,P5_E068,LABEL_NOSOLOGIQUE,leucoencéphalie,R_V69K_00140,imagerie_objective_comorbidite,P5_E017,P5_E068,LABEL_NOSOLOGIQUE,COMORBIDITE_ANTECEDENT,,Le type cible ne respecte pas l'image TRACE
img20250709_16395936_trace_sepsis_V1.6-V6.5-SELECTIVE_PRECISION.json,DUPLICATE_ENTITY_CONTENT,"P1_E003,P4_E002",COMORBIDITE_ANTECEDENT,insuffisance rénale chronique terminale | autre,,,,,,,,Même type + même contenu avec plusieurs IDs
img20250709_16395936_trace_sepsis_V1.6-V6.5-SELECTIVE_PRECISION.json,DUPLICATE_ENTITY_CONTENT,"P1_E033,P4_E031,P6_E037",DONNEE_PATIENT,40 ans | 40 | age,,,,,,,,Même type + même contenu avec plusieurs IDs
img20250709_16395936_trace_sepsis_V1.6-V6.5-SELECTIVE_PRECISION.json,DUPLICATE_ENTITY_CONTENT,"P1_E034,P2_E042",DONNEE_PATIENT,Patient | patient,,,,,,,,Même type + même contenu avec plusieurs IDs
img20250709_16395936_trace_sepsis_V1.6-V6.5-SELECTIVE_PRECISION.json,DUPLICATE_ENTITY_CONTENT,"P1_E035,P5_E035",SERVICE_MEDICAL,réanimation,,,,,,,,Même type + même contenu avec plusieurs IDs
img20250709_16395936_trace_sepsis_V1.6-V6.5-SELECTIVE_PRECISION.json,DUPLICATE_ENTITY_CONTENT,"P1_E036,P4_E036",DEFAILLANCE_ORGANE,insuffisance rénale | renal,,,,,,,,Même type + même contenu avec plusieurs IDs
img20250709_16395936_trace_sepsis_V1.6-V6.5-SELECTIVE_PRECISION.json,DUPLICATE_ENTITY_CONTENT,"P2_E036,P5_E021",LABEL_NOSOLOGIQUE,choc septique,,,,,,,,Même type + même contenu avec plusieurs IDs
img20250709_16395936_trace_sepsis_V1.6-V6.5-SELECTIVE_PRECISION.json,DUPLICATE_ENTITY_CONTENT,"P5_E033,P6_E030",DEFAILLANCE_ORGANE,choc hémorragique | cardiovasculaire,,,,,,,,Même type + même contenu avec plusieurs IDs
img20250709_16395936_trace_sepsis_V1.6-V6.5-SELECTIVE_PRECISION.json,DUPLICATE_ENTITY_CONTENT,"P5_E047,P6_E002",LABEL_NOSOLOGIQUE,sepsis,,,,,,,,Même type + même contenu avec plusieurs IDs
img20250709_16395936_trace_sepsis_V1.6-V6.5-SELECTIVE_PRECISION.json,DUPLICATE_ENTITY_CONTENT,"P5_E054,P6_E047",MICRO_ORGANISME,SARM,,,,,,,,Même type + même contenu avec plusieurs IDs
img20250709_16395936_trace_sepsis_V1.6-V6.5-SELECTIVE_PRECISION.json,INVALID_RELATION_TARGET_TYPE,P1_E032,COMORBIDITE_ANTECEDENT,dénutrition sévère | autre,R_V69K_00004,presente_dysfonction_organe,P1_E034,P1_E032,COMORBIDITE_ANTECEDENT,DEFAILLANCE_ORGANE,1,Le type cible ne respecte pas l'image TRACE
img20250709_16395936_trace_sepsis_V1.6-V6.5-SELECTIVE_PRECISION.json,INVALID_RELATION_TARGET_TYPE,P4_E028,DEFAILLANCE_ORGANE,dilatation des veines du membre supérieur gauche | autre,R_V69K_00069,presente_symptome,P4_E032,P4_E028,DEFAILLANCE_ORGANE,SYMPTOME,4,Le type cible ne respecte pas l'image TRACE
img20250709_16395936_trace_sepsis_V1.6-V6.5-SELECTIVE_PRECISION.json,INVALID_RELATION_TARGET_TYPE,P4_E037,SYMPTOME,anurie | renal,R_V69K_00071,presente_dysfonction_organe,P4_E032,P4_E037,SYMPTOME,DEFAILLANCE_ORGANE,4,Le type cible ne respecte pas l'image TRACE
img20250709_16414914_trace_sepsis_V1.6-V6.5-SELECTIVE_PRECISION.json,DUPLICATE_ENTITY_CONTENT,"P1_E027,P4_E030",DONNEE_PATIENT,Patient | patient,,,,,,,,Même type + même contenu avec plusieurs IDs
img20250709_16414914_trace_sepsis_V1.6-V6.5-SELECTIVE_PRECISION.json,DUPLICATE_ENTITY_CONTENT,"P2_E043,P4_E032",IMAGERIE_PROCEDURE,ECG | ecg,,,,,,,,Même type + même contenu avec plusieurs IDs
img20250709_16414914_trace_sepsis_V1.6-V6.5-SELECTIVE_PRECISION.json,DUPLICATE_ENTITY_CONTENT,"P4_E007,P5_E015",FOYER_INFECTIEUX,infection du liquide d'ascite,,,,,,,,Même type + même contenu avec plusieurs IDs
img20250709_16414914_trace_sepsis_V1.6-V6.5-SELECTIVE_PRECISION.json,INVALID_RELATION_TARGET_TYPE,P2_E045,SYMPTOME,Anurie | renal,R_V69K_00031,presente_dysfonction_organe,P2_E040,P2_E045,SYMPTOME,DEFAILLANCE_ORGANE,2,Le type cible ne respecte pas l'image TRACE
img20250709_16414914_trace_sepsis_V1.6-V6.5-SELECTIVE_PRECISION.json,INVALID_RELATION_TARGET_TYPE,P2_E040,DONNEE_PATIENT,patient | age,R_V69K_00032,traitement_cible_defaillance,P2_E018,P2_E040,DONNEE_PATIENT,DEFAILLANCE_ORGANE,2,Le type cible ne respecte pas l'image TRACE
img20250709_16414914_trace_sepsis_V1.6-V6.5-SELECTIVE_PRECISION.json,INVALID_RELATION_TARGET_TYPE,P2_E040,DONNEE_PATIENT,patient | age,R_V69K_00033,traitement_cible_defaillance,P2_E025,P2_E040,DONNEE_PATIENT,DEFAILLANCE_ORGANE,2,Le type cible ne respecte pas l'image TRACE
img20250709_16414914_trace_sepsis_V1.6-V6.5-SELECTIVE_PRECISION.json,INVALID_RELATION_TARGET_TYPE,P2_E040,DONNEE_PATIENT,patient | age,R_V69K_00035,traitement_cible_defaillance,P2_E034,P2_E040,DONNEE_PATIENT,DEFAILLANCE_ORGANE,2,Le type cible ne respecte pas l'image TRACE
img20250709_16414914_trace_sepsis_V1.6-V6.5-SELECTIVE_PRECISION.json,INVALID_RELATION_TARGET_TYPE,P2_E040,DONNEE_PATIENT,patient | age,R_V69K_00036,traitement_cible_defaillance,P2_E002,P2_E040,DONNEE_PATIENT,DEFAILLANCE_ORGANE,2,Le type cible ne respecte pas l'image TRACE
img20250709_16414914_trace_sepsis_V1.6-V6.5-SELECTIVE_PRECISION.json,INVALID_RELATION_TARGET_TYPE,P5_E017,LABEL_NOSOLOGIQUE,encéphalopathie hépatique | hepatique,R_V69K_00059,presente_dysfonction_organe,P5_E020,P5_E017,LABEL_NOSOLOGIQUE,DEFAILLANCE_ORGANE,5,Le type cible ne respecte pas l'image TRACE
img20250709_16510509_trace_sepsis_V1.6-V6.5-SELECTIVE_PRECISION.json,DUPLICATE_ENTITY_CONTENT,"P1_E028,P4_E011",TRAITEMENT,CRESTOR | autre,,,,,,,,Même type + même contenu avec plusieurs IDs
img20250709_16510509_trace_sepsis_V1.6-V6.5-SELECTIVE_PRECISION.json,DUPLICATE_ENTITY_CONTENT,"P2_E048,P4_E037",DONNEE_PATIENT,Patient | patient,,,,,,,,Même type + même contenu avec plusieurs IDs
img20250709_16510509_trace_sepsis_V1.6-V6.5-SELECTIVE_PRECISION.json,DUPLICATE_ENTITY_CONTENT,"P3_E029,P4_E002",LABEL_NOSOLOGIQUE,Choc septique | choc_septique,,,,,,,,Même type + même contenu avec plusieurs IDs
img20250709_16510509_trace_sepsis_V1.6-V6.5-SELECTIVE_PRECISION.json,DUPLICATE_ENTITY_CONTENT,"P3_E031,P4_E006",TRAITEMENT,TIÉNAM | antibiotique,,,,,,,,Même type + même contenu avec plusieurs IDs
img20250709_16510509_trace_sepsis_V1.6-V6.5-SELECTIVE_PRECISION.json,DUPLICATE_ENTITY_CONTENT,"P3_E039,P4_E005",DEFAILLANCE_ORGANE,CIVD | hematologique,,,,,,,,Même type + même contenu avec plusieurs IDs
img20250709_16510509_trace_sepsis_V1.6-V6.5-SELECTIVE_PRECISION.json,DUPLICATE_ENTITY_CONTENT,"P3_E057,P4_E038",DONNEE_PATIENT,86 ans | age,,,,,,,,Même type + même contenu avec plusieurs IDs
img20250709_16510509_trace_sepsis_V1.6-V6.5-SELECTIVE_PRECISION.json,DUPLICATE_ENTITY_CONTENT,"P3_E062,P4_E041",LABEL_NOSOLOGIQUE,sepsis,,,,,,,,Même type + même contenu avec plusieurs IDs
img20250709_16510509_trace_sepsis_V1.6-V6.5-SELECTIVE_PRECISION.json,INVALID_RELATION_TARGET_TYPE,P3_E040,FOYER_INFECTIEUX,pneumopathie nosocomiale | pneumopathie_nosocomiale,R_V69K_00049,a_pour_label_nosologique,P3_E056,P3_E040,FOYER_INFECTIEUX,LABEL_NOSOLOGIQUE,3,Le type cible ne respecte pas l'image TRACE
img20250709_16510509_trace_sepsis_V1.6-V6.5-SELECTIVE_PRECISION.json,INVALID_RELATION_TARGET_TYPE,P2_E010,COMORBIDITE_ANTECEDENT,Colite à clostridium,R_V69K_00100,presente_suspicion_infection,P2_E048,P2_E010,COMORBIDITE_ANTECEDENT,FOYER_INFECTIEUX,,Le type cible ne respecte pas l'image TRACE
img20250709_16520260_trace_sepsis_V1.6-V6.5-SELECTIVE_PRECISION.json,DUPLICATE_ENTITY_CONTENT,"P1_E002,P4_E016",COMORBIDITE_ANTECEDENT,anorexie mentale | anorexie_mentale,,,,,,,,Même type + même contenu avec plusieurs IDs
img20250709_16520260_trace_sepsis_V1.6-V6.5-SELECTIVE_PRECISION.json,DUPLICATE_ENTITY_CONTENT,"P4_E009,P6_E040",DEFAILLANCE_ORGANE,détresse respiratoire | respiratoire,,,,,,,,Même type + même contenu avec plusieurs IDs
img20250709_16520260_trace_sepsis_V1.6-V6.5-SELECTIVE_PRECISION.json,DUPLICATE_ENTITY_CONTENT,"P5_E048,P6_E035",DONNEE_PATIENT,Patiente | patient,,,,,,,,Même type + même contenu avec plusieurs IDs
img20250709_16520260_trace_sepsis_V1.6-V6.5-SELECTIVE_PRECISION.json,INVALID_RELATION_TARGET_TYPE,P6_E053,MICRO_ORGANISME,Citrobacter koseri,R_V69K_00100,micro_organisme_isole_dans,P6_E014,P6_E053,MICRO_ORGANISME,FOYER_INFECTIEUX,,Le type cible ne respecte pas l'image TRACE
img20250709_16523752_trace_sepsis_V1.6-V6.5-SELECTIVE_PRECISION.json,INVALID_RELATION_TARGET_TYPE,P4_E029,SIGNE_VITAL,extrasystoles supraventriculaires | frequence_cardiaque,R_V69K_00074,presente_symptome,P4_E041,P4_E029,SIGNE_VITAL,SYMPTOME,,Le type cible ne respecte pas l'image TRACE
img20250709_16531341_trace_sepsis_V1.6-V6.5-SELECTIVE_PRECISION.json,DUPLICATE_ENTITY_CONTENT,"P2_E020,P3_E008",SCORE_NEUROLOGIQUE,Glasgow 3 | 3 | Glasgow,,,,,,,,Même type + même contenu avec plusieurs IDs
img20250709_16531341_trace_sepsis_V1.6-V6.5-SELECTIVE_PRECISION.json,DUPLICATE_ENTITY_CONTENT,"P2_E049,P5_E017",DONNEE_PATIENT,la patiente | patient,,,,,,,,Même type + même contenu avec plusieurs IDs
img20250709_16531341_trace_sepsis_V1.6-V6.5-SELECTIVE_PRECISION.json,DUPLICATE_ENTITY_CONTENT,"P2_E055,P4_E046",IMAGERIE_PROCEDURE,ECG | ecg,,,,,,,,Même type + même contenu avec plusieurs IDs
img20250709_16531341_trace_sepsis_V1.6-V6.5-SELECTIVE_PRECISION.json,DUPLICATE_ENTITY_CONTENT,"P2_E065,P4_E055",TRAITEMENT,O2 | o2,,,,,,,,Même type + même contenu avec plusieurs IDs
img20250709_16531341_trace_sepsis_V1.6-V6.5-SELECTIVE_PRECISION.json,DUPLICATE_ENTITY_CONTENT,"P4_E015,P5_E013",LABEL_NOSOLOGIQUE,état de mal épileptique | etat_de_mal_epileptique,,,,,,,,Même type + même contenu avec plusieurs IDs
img20250709_16531341_trace_sepsis_V1.6-V6.5-SELECTIVE_PRECISION.json,DUPLICATE_ENTITY_CONTENT,"P4_E038,P5_E016",DEFAILLANCE_ORGANE,défaillance multiviscérale | autre,,,,,,,,Même type + même contenu avec plusieurs IDs
img20250709_16531341_trace_sepsis_V1.6-V6.5-SELECTIVE_PRECISION.json,INVALID_RELATION_SOURCE_TYPE,P4_E030,DEFAILLANCE_ORGANE,hyperkaliémie | potassium,R_V69K_00085,biomarqueur_supporte_defaillance_organe,P4_E030,P4_E029,DEFAILLANCE_ORGANE,BIOMARQUEUR,4,Le type source ne respecte pas le domaine TRACE
img20250709_16531341_trace_sepsis_V1.6-V6.5-SELECTIVE_PRECISION.json,INVALID_RELATION_TARGET_TYPE,P5_E014,LABEL_NOSOLOGIQUE,encéphalopathie hépatique | hepatique,R_V69K_00118,presente_dysfonction_organe,P5_E017,P5_E014,LABEL_NOSOLOGIQUE,DEFAILLANCE_ORGANE,5,Le type cible ne respecte pas l'image TRACE
img20250709_16531341_trace_sepsis_V1.6-V6.5-SELECTIVE_PRECISION.json,INVALID_RELATION_TARGET_TYPE,P4_E031,DEFAILLANCE_ORGANE,aggravation nécessitant une réaugmentation des catécholamines jusqu'à 3 mg/h | hemodynamique,R_V69K_00125,traitement_a_pour_posologie,P4_E010,P4_E031,DEFAILLANCE_ORGANE,POSOLOGIE,,Le type cible ne respecte pas l'image TRACE
img20250709_16531341_trace_sepsis_V1.6-V6.5-SELECTIVE_PRECISION.json,INVALID_RELATION_TARGET_TYPE,P1_E029,COMORBIDITE_ANTECEDENT,infection du liquide d'Ascite,R_V69K_00130,presente_suspicion_infection,P1_E034,P1_E029,COMORBIDITE_ANTECEDENT,FOYER_INFECTIEUX,,Le type cible ne respecte pas l'image TRACE
img20250709_16545673_trace_sepsis_V1.6-V6.5-SELECTIVE_PRECISION.json,DUPLICATE_ENTITY_CONTENT,"P1_E024,P2_E045,P3_E035,P5_E034",DONNEE_PATIENT,Patient | patient,,,,,,,,Même type + même contenu avec plusieurs IDs
img20250709_16545673_trace_sepsis_V1.6-V6.5-SELECTIVE_PRECISION.json,DUPLICATE_ENTITY_CONTENT,"P1_E028,P3_E019",DEFAILLANCE_ORGANE,Détresse respiratoire aiguë | respiratoire,,,,,,,,Même type + même contenu avec plusieurs IDs
img20250709_16545673_trace_sepsis_V1.6-V6.5-SELECTIVE_PRECISION.json,DUPLICATE_ENTITY_CONTENT,"P1_E029,P2_E047",TRAITEMENT,O2 | o2,,,,,,,,Même type + même contenu avec plusieurs IDs
img20250709_16545673_trace_sepsis_V1.6-V6.5-SELECTIVE_PRECISION.json,DUPLICATE_ENTITY_CONTENT,"P1_E030,P2_E048",SYMPTOME,désaturation,,,,,,,,Même type + même contenu avec plusieurs IDs
img20250709_16545673_trace_sepsis_V1.6-V6.5-SELECTIVE_PRECISION.json,DUPLICATE_ENTITY_CONTENT,"P1_V66_E001,P3_V66_E001",MICRO_ORGANISME,Pneumocoque,,,,,,,,Même type + même contenu avec plusieurs IDs
img20250709_16553580_trace_sepsis_V1.6-V6.5-SELECTIVE_PRECISION.json,DUPLICATE_ENTITY_CONTENT,"P2_E008,P3_E002",TRAITEMENT,cortancyl | traitement_habituel,,,,,,,,Même type + même contenu avec plusieurs IDs
img20250709_16553580_trace_sepsis_V1.6-V6.5-SELECTIVE_PRECISION.json,DUPLICATE_ENTITY_CONTENT,"P2_E010,P3_E003",TRAITEMENT,imurel | traitement_habituel,,,,,,,,Même type + même contenu avec plusieurs IDs
img20250709_16560274_trace_sepsis_V1.6-V6.5-SELECTIVE_PRECISION.json,DUPLICATE_ENTITY_CONTENT,"P1_E031,P3_E033,P5_E038",DEFAILLANCE_ORGANE,Détresse respiratoire aiguë | respiratoire,,,,,,,,Même type + même contenu avec plusieurs IDs
img20250709_16560274_trace_sepsis_V1.6-V6.5-SELECTIVE_PRECISION.json,DUPLICATE_ENTITY_CONTENT,"P1_E037,P4_E055,P5_E039",TRAITEMENT,ventilation mécanique | ventilation_mécanique,,,,,,,,Même type + même contenu avec plusieurs IDs
img20250709_16560274_trace_sepsis_V1.6-V6.5-SELECTIVE_PRECISION.json,DUPLICATE_ENTITY_CONTENT,"P1_E038,P3_E040,P5_E040",DEFAILLANCE_ORGANE,Détresse respiratoire | détresse_respiratoire,,,,,,,,Même type + même contenu avec plusieurs IDs
img20250709_16560274_trace_sepsis_V1.6-V6.5-SELECTIVE_PRECISION.json,DUPLICATE_ENTITY_CONTENT,"P2_E011,P4_E008",TRAITEMENT,lasilix | diuretique,,,,,,,,Même type + même contenu avec plusieurs IDs
img20250709_16560274_trace_sepsis_V1.6-V6.5-SELECTIVE_PRECISION.json,DUPLICATE_ENTITY_CONTENT,"P2_E019,P3_E042",TRAITEMENT,sonde nasogastrique | autre,,,,,,,,Même type + même contenu avec plusieurs IDs
img20250709_16560274_trace_sepsis_V1.6-V6.5-SELECTIVE_PRECISION.json,DUPLICATE_ENTITY_CONTENT,"P4_E013,P5_E009",TRAITEMENT,échanges plasmatiques | echange_plasmatique,,,,,,,,Même type + même contenu avec plusieurs IDs
img20250709_16560274_trace_sepsis_V1.6-V6.5-SELECTIVE_PRECISION.json,DUPLICATE_ENTITY_CONTENT,"P4_E017,P6_E013",TRAITEMENT,valaciclovir | antiviral,,,,,,,,Même type + même contenu avec plusieurs IDs
img20250709_16560274_trace_sepsis_V1.6-V6.5-SELECTIVE_PRECISION.json,DUPLICATE_ENTITY_CONTENT,"P4_E057,P5_E041",LABEL_NOSOLOGIQUE,syndrome inflammatoire | syndrome_inflammatoire,,,,,,,,Même type + même contenu avec plusieurs IDs
img20250709_16560274_trace_sepsis_V1.6-V6.5-SELECTIVE_PRECISION.json,DUPLICATE_ENTITY_CONTENT,"P4_E062,P5_E043",TRAITEMENT,sonde naso gastrique | autre,,,,,,,,Même type + même contenu avec plusieurs IDs
img20250709_16562087_trace_sepsis_V1.6-V6.5-SELECTIVE_PRECISION.json,DUPLICATE_ENTITY_CONTENT,"P1_E012,P2_E007",SYMPTOME,dysphonie,,,,,,,,Même type + même contenu avec plusieurs IDs
img20250709_16573733_trace_sepsis_V1.6-V6.5-SELECTIVE_PRECISION.json,DUPLICATE_ENTITY_CONTENT,"P1_E019,P3_E050,P4_E038,P5_E034",DONNEE_PATIENT,Patient | patient,,,,,,,,Même type + même contenu avec plusieurs IDs
img20250709_16573733_trace_sepsis_V1.6-V6.5-SELECTIVE_PRECISION.json,DUPLICATE_ENTITY_CONTENT,"P1_E020,P4_E039",DONNEE_PATIENT,77 ans | age,,,,,,,,Même type + même contenu avec plusieurs IDs
img20250709_16573733_trace_sepsis_V1.6-V6.5-SELECTIVE_PRECISION.json,DUPLICATE_ENTITY_CONTENT,"P5_E024,P6_E010",SYMPTOME,Syndrome confusionnel | confusion,,,,,,,,Même type + même contenu avec plusieurs IDs
img20250709_16573733_trace_sepsis_V1.6-V6.5-SELECTIVE_PRECISION.json,INVALID_RELATION_SOURCE_TYPE,P6_E039,LABEL_NOSOLOGIQUE,poids de sortie = 76 kg | 76 | poids_kg,R_V69K_00105,presente_symptome,P6_E039,P6_E013,LABEL_NOSOLOGIQUE,DONNEE_PATIENT,,Le type source ne respecte pas le domaine TRACE
img20250709_16573733_trace_sepsis_V1.6-V6.5-SELECTIVE_PRECISION.json,INVALID_RELATION_SOURCE_TYPE,P6_E039,LABEL_NOSOLOGIQUE,poids de sortie = 76 kg | 76 | poids_kg,R_V69K_00106,presente_symptome,P6_E039,P5_E024,LABEL_NOSOLOGIQUE,DONNEE_PATIENT,,Le type source ne respecte pas le domaine TRACE
img20250709_16573733_trace_sepsis_V1.6-V6.5-SELECTIVE_PRECISION.json,INVALID_RELATION_SOURCE_TYPE,P6_E039,LABEL_NOSOLOGIQUE,poids de sortie = 76 kg | 76 | poids_kg,R_V69K_00107,presente_symptome,P6_E039,P6_E015,LABEL_NOSOLOGIQUE,DONNEE_PATIENT,,Le type source ne respecte pas le domaine TRACE
img20250709_16573733_trace_sepsis_V1.6-V6.5-SELECTIVE_PRECISION.json,INVALID_RELATION_SOURCE_TYPE,P6_E039,LABEL_NOSOLOGIQUE,poids de sortie = 76 kg | 76 | poids_kg,R_V69K_00110,a_pour_label_nosologique,P6_E039,P6_E008,LABEL_NOSOLOGIQUE,DONNEE_PATIENT,,Le type source ne respecte pas le domaine TRACE
img20250709_16573733_trace_sepsis_V1.6-V6.5-SELECTIVE_PRECISION.json,INVALID_RELATION_TARGET_TYPE,P6_E008,FOYER_INFECTIEUX,Gangrène gazeuse | gangrene_gazeuse,R_V69K_00110,a_pour_label_nosologique,P6_E039,P6_E008,FOYER_INFECTIEUX,LABEL_NOSOLOGIQUE,,Le type cible ne respecte pas l'image TRACE
img20250709_16573733_trace_sepsis_V1.6-V6.5-SELECTIVE_PRECISION.json,INVALID_RELATION_SOURCE_TYPE,P6_E039,LABEL_NOSOLOGIQUE,poids de sortie = 76 kg | 76 | poids_kg,R_V69K_00111,presente_suspicion_infection,P6_E039,P6_E008,LABEL_NOSOLOGIQUE,DONNEE_PATIENT,,Le type source ne respecte pas le domaine TRACE
img20250709_16583921_trace_sepsis_V1.6-V6.5-SELECTIVE_PRECISION.json,DUPLICATE_ENTITY_CONTENT,"P1_E020,P2_E026",SERVICE_MEDICAL,réanimation,,,,,,,,Même type + même contenu avec plusieurs IDs
img20250709_16583921_trace_sepsis_V1.6-V6.5-SELECTIVE_PRECISION.json,DUPLICATE_ENTITY_CONTENT,"P4_E007,P5_E016",IMAGERIE_PROCEDURE,EEG,,,,,,,,Même type + même contenu avec plusieurs IDs
img20250709_16583921_trace_sepsis_V1.6-V6.5-SELECTIVE_PRECISION.json,DUPLICATE_ENTITY_CONTENT,"P4_E009,P5_E053",FOYER_INFECTIEUX,point de départ pulmonaire | pneumopathie_infectieuse,,,,,,,,Même type + même contenu avec plusieurs IDs
img20250709_16583921_trace_sepsis_V1.6-V6.5-SELECTIVE_PRECISION.json,DUPLICATE_ENTITY_CONTENT,"P4_E012,P5_E006",TRAITEMENT,Tazocilline | antibiotique,,,,,,,,Même type + même contenu avec plusieurs IDs
img20250709_16583921_trace_sepsis_V1.6-V6.5-SELECTIVE_PRECISION.json,DUPLICATE_ENTITY_CONTENT,"P4_E013,P5_E007",TRAITEMENT,Amiklin | antibiotique,,,,,,,,Même type + même contenu avec plusieurs IDs
img20250709_16583921_trace_sepsis_V1.6-V6.5-SELECTIVE_PRECISION.json,DUPLICATE_ENTITY_CONTENT,"P4_E020,P5_E045",TRAITEMENT,aérosols de B2 mimétiques | aérosols | autre,,,,,,,,Même type + même contenu avec plusieurs IDs
img20250709_16583921_trace_sepsis_V1.6-V6.5-SELECTIVE_PRECISION.json,DUPLICATE_ENTITY_CONTENT,"P4_E033,P5_E071",LABEL_NOSOLOGIQUE,sepsis,,,,,,,,Même type + même contenu avec plusieurs IDs
img20250709_16583921_trace_sepsis_V1.6-V6.5-SELECTIVE_PRECISION.json,DUPLICATE_ENTITY_CONTENT,"P5_E011,P6_E010",TRAITEMENT,Lasilix | diuretique,,,,,,,,Même type + même contenu avec plusieurs IDs
img20250709_16583921_trace_sepsis_V1.6-V6.5-SELECTIVE_PRECISION.json,DUPLICATE_ENTITY_CONTENT,"P5_E079,P6_E029",FOYER_INFECTIEUX,pneumopathie,,,,,,,,Même type + même contenu avec plusieurs IDs
img20250709_16583921_trace_sepsis_V1.6-V6.5-SELECTIVE_PRECISION.json,INVALID_RELATION_TARGET_TYPE,P4_E023,DEFAILLANCE_ORGANE,difficultés ventilatoires | respiratoire,R_V69K_00027,presente_symptome,P4_E030,P4_E023,DEFAILLANCE_ORGANE,SYMPTOME,4,Le type cible ne respecte pas l'image TRACE
img20250709_17005010_trace_sepsis_V1.6-V6.5-SELECTIVE_PRECISION.json,DUPLICATE_ENTITY_CONTENT,"P1_E019,P4_E033,P5_E009",DEFAILLANCE_ORGANE,CIVD | hematologique,,,,,,,,Même type + même contenu avec plusieurs IDs
img20250709_17005010_trace_sepsis_V1.6-V6.5-SELECTIVE_PRECISION.json,DUPLICATE_ENTITY_CONTENT,"P1_E021,P2_E001,P4_E008",TRAITEMENT,Tazocilline | antibiotique,,,,,,,,Même type + même contenu avec plusieurs IDs
img20250709_17005010_trace_sepsis_V1.6-V6.5-SELECTIVE_PRECISION.json,DUPLICATE_ENTITY_CONTENT,"P1_E022,P2_E003,P4_E010",TRAITEMENT,Flagyl | antibiotique,,,,,,,,Même type + même contenu avec plusieurs IDs
img20250709_17005010_trace_sepsis_V1.6-V6.5-SELECTIVE_PRECISION.json,DUPLICATE_ENTITY_CONTENT,"P1_E023,P2_E005,P4_E009",TRAITEMENT,gentamycine | antibiotique,,,,,,,,Même type + même contenu avec plusieurs IDs
img20250709_17005010_trace_sepsis_V1.6-V6.5-SELECTIVE_PRECISION.json,DUPLICATE_ENTITY_CONTENT,"P1_E027,P4_E030",DONNEE_PATIENT,Patient | patient,,,,,,,,Même type + même contenu avec plusieurs IDs
img20250709_17005010_trace_sepsis_V1.6-V6.5-SELECTIVE_PRECISION.json,INVALID_RELATION_TARGET_TYPE,P4_E006,FOYER_INFECTIEUX,gangrène gazeuse | gangrene_gazeuse,R_V69K_00062,a_pour_label_nosologique,P4_E030,P4_E006,FOYER_INFECTIEUX,LABEL_NOSOLOGIQUE,4,Le type cible ne respecte pas l'image TRACE
img20250709_17005010_trace_sepsis_V1.6-V6.5-SELECTIVE_PRECISION.json,INVALID_RELATION_TARGET_TYPE,P1_E002,COMORBIDITE_ANTECEDENT,hémiplégie droite et dysarthrie séquellaire | autre,R_V69K_00073,presente_symptome,P1_E027,P1_E002,COMORBIDITE_ANTECEDENT,SYMPTOME,,Le type cible ne respecte pas l'image TRACE
img20250709_17005010_trace_sepsis_V1.6-V6.5-SELECTIVE_PRECISION.json,INVALID_RELATION_SOURCE_TYPE,P4_E026,DEFAILLANCE_ORGANE,Tachycardie | frequence_cardiaque,R_V69K_00074,signe_vital_supporte_defaillance_organe,P4_E026,P4_E005,DEFAILLANCE_ORGANE,SIGNE_VITAL,,Le type source ne respecte pas le domaine TRACE
img20250709_17005010_trace_sepsis_V1.6-V6.5-SELECTIVE_PRECISION.json,INVALID_RELATION_TARGET_TYPE,P4_E005,LABEL_NOSOLOGIQUE,Choc septique | choc_septique,R_V69K_00074,signe_vital_supporte_defaillance_organe,P4_E026,P4_E005,LABEL_NOSOLOGIQUE,DEFAILLANCE_ORGANE,,Le type cible ne respecte pas l'image TRACE
