candidate_id,document,strength,source_type,relation_1,middle_type_missing,relation_2,target_type,actionability_status,recommended_action,selected_evidence,usable_evidence_terms,actionability_reason
B2_000018,img20250709_16154161_trace_sepsis_V1.6-V6.5-SELECTIVE_PRECISION.json,MEDIUM,COMORBIDITE_ANTECEDENT,a_pour_contexte_acquisition,CONTEXTE_ACQUISITION,contexte_acquisition_influence_risque_resistance,MICRO_ORGANISME,ACTIONABLE_CREATE_AND_LINK,CREATE_AND_LINK,nosocomiale,nosocomiale,Une seule mention documentaire exploitable pour l'entité intermédiaire; cas suffisamment déterministe pour préparer une correction automatique.
B2_000070,img20250709_16164845_trace_sepsis_V1.6-V6.5-SELECTIVE_PRECISION.json,MEDIUM,COMORBIDITE_ANTECEDENT,a_pour_contexte_acquisition,CONTEXTE_ACQUISITION,contexte_acquisition_influence_risque_resistance,MICRO_ORGANISME,ACTIONABLE_CREATE_AND_LINK,CREATE_AND_LINK,nosocomiale,nosocomiale,Une seule mention documentaire exploitable pour l'entité intermédiaire; cas suffisamment déterministe pour préparer une correction automatique.
B2_000145,img20250709_16183704_trace_sepsis_V1.6-V6.5-SELECTIVE_PRECISION.json,MEDIUM,COMORBIDITE_ANTECEDENT,a_pour_contexte_acquisition,CONTEXTE_ACQUISITION,contexte_acquisition_influence_risque_resistance,MICRO_ORGANISME,ACTIONABLE_CREATE_AND_LINK,CREATE_AND_LINK,nosocomiale,nosocomiale,Une seule mention documentaire exploitable pour l'entité intermédiaire; cas suffisamment déterministe pour préparer une correction automatique.
B2_000157,img20250709_16193836_trace_sepsis_V1.6-V6.5-SELECTIVE_PRECISION.json,MEDIUM,COMORBIDITE_ANTECEDENT,a_pour_contexte_acquisition,CONTEXTE_ACQUISITION,contexte_acquisition_influence_risque_resistance,MICRO_ORGANISME,MULTIPLE_EVIDENCE_AMBIGUOUS,NONE,,portage de bacteries multiresistantes oui | infection nosocomiale oui,Plusieurs mentions candidates pour l'entité intermédiaire; création automatique non sûre.
B2_000220,img20250709_16201504_trace_sepsis_V1.6-V6.5-SELECTIVE_PRECISION.json,MEDIUM,COMORBIDITE_ANTECEDENT,a_pour_contexte_acquisition,CONTEXTE_ACQUISITION,contexte_acquisition_influence_risque_resistance,MICRO_ORGANISME,ACTIONABLE_CREATE_AND_LINK,CREATE_AND_LINK,nosocomiale,nosocomiale,Une seule mention documentaire exploitable pour l'entité intermédiaire; cas suffisamment déterministe pour préparer une correction automatique.
B2_000225,img20250709_16225557_trace_sepsis_V1.6-V6.5-SELECTIVE_PRECISION.json,STRONG,COMORBIDITE_ANTECEDENT,a_pour_contexte_acquisition,CONTEXTE_ACQUISITION,contexte_acquisition_influence_risque_resistance,MICRO_ORGANISME,ACTIONABLE_CREATE_AND_LINK,CREATE_AND_LINK,nosocomiale,nosocomiale,Une seule mention documentaire exploitable pour l'entité intermédiaire; cas suffisamment déterministe pour préparer une correction automatique.
B2_000237,img20250709_16254831_trace_sepsis_V1.6-V6.5-SELECTIVE_PRECISION.json,MEDIUM,COMORBIDITE_ANTECEDENT,a_pour_contexte_acquisition,CONTEXTE_ACQUISITION,contexte_acquisition_influence_risque_resistance,MICRO_ORGANISME,ACTIONABLE_CREATE_AND_LINK,CREATE_AND_LINK,nosocomiale,nosocomiale,Une seule mention documentaire exploitable pour l'entité intermédiaire; cas suffisamment déterministe pour préparer une correction automatique.
B2_000253,img20250709_16270030_trace_sepsis_V1.6-V6.5-SELECTIVE_PRECISION.json,STRONG,TRAITEMENT,antibiotique_adequat_pour,MICRO_ORGANISME,micro_organisme_isole_dans,FOYER_INFECTIEUX,MULTIPLE_EVIDENCE_AMBIGUOUS,NONE,,portage de bacteries multiresistantes | nombreux bgn,Plusieurs mentions candidates pour l'entité intermédiaire; création automatique non sûre.
B2_000415,img20250709_16270030_trace_sepsis_V1.6-V6.5-SELECTIVE_PRECISION.json,STRONG,TRAITEMENT,antibiotique_inadequat_pour,MICRO_ORGANISME,micro_organisme_isole_dans,FOYER_INFECTIEUX,MULTIPLE_EVIDENCE_AMBIGUOUS,NONE,,portage de bacteries multiresistantes | nombreux bgn,Plusieurs mentions candidates pour l'entité intermédiaire; création automatique non sûre.
B2_000577,img20250709_16271908_trace_sepsis_V1.6-V6.5-SELECTIVE_PRECISION.json,MEDIUM,COMORBIDITE_ANTECEDENT,a_pour_contexte_acquisition,CONTEXTE_ACQUISITION,contexte_acquisition_influence_risque_resistance,MICRO_ORGANISME,ACTIONABLE_CREATE_AND_LINK,CREATE_AND_LINK,nosocomiale,nosocomiale,Une seule mention documentaire exploitable pour l'entité intermédiaire; cas suffisamment déterministe pour préparer une correction automatique.
B2_000605,img20250709_16283177_trace_sepsis_V1.6-V6.5-SELECTIVE_PRECISION.json,MEDIUM,COMORBIDITE_ANTECEDENT,a_pour_contexte_acquisition,CONTEXTE_ACQUISITION,contexte_acquisition_influence_risque_resistance,MICRO_ORGANISME,MULTIPLE_EVIDENCE_AMBIGUOUS,NONE,,portage de bacteries multiresistantes oui | nosocomiale,Plusieurs mentions candidates pour l'entité intermédiaire; création automatique non sûre.
B2_000661,img20250709_16301193_trace_sepsis_V1.6-V6.5-SELECTIVE_PRECISION.json,MEDIUM,TRAITEMENT,antibiotique_adequat_pour,MICRO_ORGANISME,micro_organisme_isole_dans,FOYER_INFECTIEUX,MULTIPLE_EVIDENCE_AMBIGUOUS,NONE,,portage de bacteries multiresistantes | ecbu,Plusieurs mentions candidates pour l'entité intermédiaire; création automatique non sûre.
B2_000688,img20250709_16301193_trace_sepsis_V1.6-V6.5-SELECTIVE_PRECISION.json,MEDIUM,TRAITEMENT,antibiotique_inadequat_pour,MICRO_ORGANISME,micro_organisme_isole_dans,FOYER_INFECTIEUX,MULTIPLE_EVIDENCE_AMBIGUOUS,NONE,,portage de bacteries multiresistantes | ecbu,Plusieurs mentions candidates pour l'entité intermédiaire; création automatique non sûre.
B2_000715,img20250709_16304515_trace_sepsis_V1.6-V6.5-SELECTIVE_PRECISION.json,MEDIUM,COMORBIDITE_ANTECEDENT,a_pour_contexte_acquisition,CONTEXTE_ACQUISITION,contexte_acquisition_influence_risque_resistance,MICRO_ORGANISME,MULTIPLE_EVIDENCE_AMBIGUOUS,NONE,,communautaire | nosocomiale,Plusieurs mentions candidates pour l'entité intermédiaire; création automatique non sûre.
B2_000719,img20250709_16321359_trace_sepsis_V1.6-V6.5-SELECTIVE_PRECISION.json,MEDIUM,COMORBIDITE_ANTECEDENT,a_pour_contexte_acquisition,CONTEXTE_ACQUISITION,contexte_acquisition_influence_risque_resistance,MICRO_ORGANISME,ACTIONABLE_CREATE_AND_LINK,CREATE_AND_LINK,nosocomiale,nosocomiale,Une seule mention documentaire exploitable pour l'entité intermédiaire; cas suffisamment déterministe pour préparer une correction automatique.
B2_000729,img20250709_16340712_trace_sepsis_V1.6-V6.5-SELECTIVE_PRECISION.json,MEDIUM,COMORBIDITE_ANTECEDENT,a_pour_contexte_acquisition,CONTEXTE_ACQUISITION,contexte_acquisition_influence_risque_resistance,MICRO_ORGANISME,ACTIONABLE_CREATE_AND_LINK,CREATE_AND_LINK,nosocomiale,nosocomiale,Une seule mention documentaire exploitable pour l'entité intermédiaire; cas suffisamment déterministe pour préparer une correction automatique.
B2_000877,img20250709_16374548_trace_sepsis_V1.6-V6.5-SELECTIVE_PRECISION.json,STRONG,COMORBIDITE_ANTECEDENT,a_pour_contexte_acquisition,CONTEXTE_ACQUISITION,contexte_acquisition_influence_risque_resistance,MICRO_ORGANISME,ACTIONABLE_CREATE_AND_LINK,CREATE_AND_LINK,nosocomiale,nosocomiale,Une seule mention documentaire exploitable pour l'entité intermédiaire; cas suffisamment déterministe pour préparer une correction automatique.
B2_000904,img20250709_16381567_trace_sepsis_V1.6-V6.5-SELECTIVE_PRECISION.json,MEDIUM,COMORBIDITE_ANTECEDENT,a_pour_contexte_acquisition,CONTEXTE_ACQUISITION,contexte_acquisition_influence_risque_resistance,MICRO_ORGANISME,MULTIPLE_EVIDENCE_AMBIGUOUS,NONE,,portage de bacteries multiresistantes oui | nosocomiale,Plusieurs mentions candidates pour l'entité intermédiaire; création automatique non sûre.
B2_001049,img20250709_16414914_trace_sepsis_V1.6-V6.5-SELECTIVE_PRECISION.json,MEDIUM,TRAITEMENT,antibiotique_adequat_pour,MICRO_ORGANISME,micro_organisme_isole_dans,FOYER_INFECTIEUX,MULTIPLE_EVIDENCE_AMBIGUOUS,NONE,,portage de bacteries multiresistantes | klebsielle pneumoniae | a klebsielle,Plusieurs mentions candidates pour l'entité intermédiaire; création automatique non sûre.
B2_001118,img20250709_16414914_trace_sepsis_V1.6-V6.5-SELECTIVE_PRECISION.json,MEDIUM,TRAITEMENT,antibiotique_inadequat_pour,MICRO_ORGANISME,micro_organisme_isole_dans,FOYER_INFECTIEUX,MULTIPLE_EVIDENCE_AMBIGUOUS,NONE,,portage de bacteries multiresistantes | klebsielle pneumoniae | a klebsielle,Plusieurs mentions candidates pour l'entité intermédiaire; création automatique non sûre.
B2_001187,img20250709_16520260_trace_sepsis_V1.6-V6.5-SELECTIVE_PRECISION.json,MEDIUM,COMORBIDITE_ANTECEDENT,a_pour_contexte_acquisition,CONTEXTE_ACQUISITION,contexte_acquisition_influence_risque_resistance,MICRO_ORGANISME,ACTIONABLE_CREATE_AND_LINK,CREATE_AND_LINK,nosocomiale,nosocomiale,Une seule mention documentaire exploitable pour l'entité intermédiaire; cas suffisamment déterministe pour préparer une correction automatique.
B2_001203,img20250709_16523752_trace_sepsis_V1.6-V6.5-SELECTIVE_PRECISION.json,MEDIUM,COMORBIDITE_ANTECEDENT,a_pour_contexte_acquisition,CONTEXTE_ACQUISITION,contexte_acquisition_influence_risque_resistance,MICRO_ORGANISME,ACTIONABLE_CREATE_AND_LINK,CREATE_AND_LINK,nosocomiale,nosocomiale,Une seule mention documentaire exploitable pour l'entité intermédiaire; cas suffisamment déterministe pour préparer une correction automatique.
B2_001206,img20250709_16531341_trace_sepsis_V1.6-V6.5-SELECTIVE_PRECISION.json,MEDIUM,TRAITEMENT,antibiotique_adequat_pour,MICRO_ORGANISME,micro_organisme_isole_dans,FOYER_INFECTIEUX,MULTIPLE_EVIDENCE_AMBIGUOUS,NONE,,portage de bacteries multiresistantes | hemoculture | ecbu,Plusieurs mentions candidates pour l'entité intermédiaire; création automatique non sûre.
B2_001414,img20250709_16531341_trace_sepsis_V1.6-V6.5-SELECTIVE_PRECISION.json,MEDIUM,TRAITEMENT,antibiotique_inadequat_pour,MICRO_ORGANISME,micro_organisme_isole_dans,FOYER_INFECTIEUX,MULTIPLE_EVIDENCE_AMBIGUOUS,NONE,,portage de bacteries multiresistantes | hemoculture | ecbu,Plusieurs mentions candidates pour l'entité intermédiaire; création automatique non sûre.
B2_001622,img20250709_16553580_trace_sepsis_V1.6-V6.5-SELECTIVE_PRECISION.json,STRONG,COMORBIDITE_ANTECEDENT,a_pour_contexte_acquisition,CONTEXTE_ACQUISITION,contexte_acquisition_influence_risque_resistance,MICRO_ORGANISME,ACTIONABLE_CREATE_AND_LINK,CREATE_AND_LINK,nosocomiale,nosocomiale,Une seule mention documentaire exploitable pour l'entité intermédiaire; cas suffisamment déterministe pour préparer une correction automatique.
B2_001630,img20250709_16562087_trace_sepsis_V1.6-V6.5-SELECTIVE_PRECISION.json,MEDIUM,COMORBIDITE_ANTECEDENT,a_pour_contexte_acquisition,CONTEXTE_ACQUISITION,contexte_acquisition_influence_risque_resistance,MICRO_ORGANISME,ACTIONABLE_CREATE_AND_LINK,CREATE_AND_LINK,nosocomiale,nosocomiale,Une seule mention documentaire exploitable pour l'entité intermédiaire; cas suffisamment déterministe pour préparer une correction automatique.
B2_001642,img20250709_16573733_trace_sepsis_V1.6-V6.5-SELECTIVE_PRECISION.json,MEDIUM,COMORBIDITE_ANTECEDENT,a_pour_contexte_acquisition,CONTEXTE_ACQUISITION,contexte_acquisition_influence_risque_resistance,MICRO_ORGANISME,ACTIONABLE_CREATE_AND_LINK,CREATE_AND_LINK,nosocomiale,nosocomiale,Une seule mention documentaire exploitable pour l'entité intermédiaire; cas suffisamment déterministe pour préparer une correction automatique.
B2_001645,img20250709_17005010_trace_sepsis_V1.6-V6.5-SELECTIVE_PRECISION.json,MEDIUM,COMORBIDITE_ANTECEDENT,a_pour_contexte_acquisition,CONTEXTE_ACQUISITION,contexte_acquisition_influence_risque_resistance,MICRO_ORGANISME,ACTIONABLE_CREATE_AND_LINK,CREATE_AND_LINK,nosocomiale,nosocomiale,Une seule mention documentaire exploitable pour l'entité intermédiaire; cas suffisamment déterministe pour préparer une correction automatique.
